-- MySQL dump 10.13  Distrib 8.0.19, for Win64 (x86_64)
--
-- Host: 127.0.0.1    Database: speedfood
-- ------------------------------------------------------
-- Server version	5.7.29-log

/*!40101 SET @OLD_CHARACTER_SET_CLIENT=@@CHARACTER_SET_CLIENT */;
/*!40101 SET @OLD_CHARACTER_SET_RESULTS=@@CHARACTER_SET_RESULTS */;
/*!40101 SET @OLD_COLLATION_CONNECTION=@@COLLATION_CONNECTION */;
/*!50503 SET NAMES utf8 */;
/*!40103 SET @OLD_TIME_ZONE=@@TIME_ZONE */;
/*!40103 SET TIME_ZONE='+00:00' */;
/*!40014 SET @OLD_UNIQUE_CHECKS=@@UNIQUE_CHECKS, UNIQUE_CHECKS=0 */;
/*!40014 SET @OLD_FOREIGN_KEY_CHECKS=@@FOREIGN_KEY_CHECKS, FOREIGN_KEY_CHECKS=0 */;
/*!40101 SET @OLD_SQL_MODE=@@SQL_MODE, SQL_MODE='NO_AUTO_VALUE_ON_ZERO' */;
/*!40111 SET @OLD_SQL_NOTES=@@SQL_NOTES, SQL_NOTES=0 */;

--
-- Table structure for table `com_itens`
--

DROP TABLE IF EXISTS `com_itens`;
/*!40101 SET @saved_cs_client     = @@character_set_client */;
/*!50503 SET character_set_client = utf8mb4 */;
CREATE TABLE `com_itens` (
  `Grupo` int(11) NOT NULL COMMENT 'Grupo: 1-Lanches, 2-Extras (no máximo 24 ocorrencias), 3-Bebidas, 4-Diversos\n',
  `Codigo` int(11) NOT NULL COMMENT 'Código do produto - sequencial dentro dos grupos',
  `Descricao` varchar(80) DEFAULT NULL COMMENT 'Descrição do produto',
  `DescrCompleta` varchar(1024) DEFAULT NULL COMMENT 'Descrição completa',
  `Tamanho` varchar(12) DEFAULT NULL COMMENT 'Tamanho, se houver',
  `Unidade` varchar(5) DEFAULT 'UN' COMMENT 'Unidade de medida',
  `Preco` decimal(15,2) DEFAULT NULL COMMENT 'Preço unitário',
  `NCM` varchar(8) DEFAULT NULL,
  `CFOP` int(11) DEFAULT NULL,
  `CSOSN` int(11) DEFAULT NULL,
  `CST` int(11) DEFAULT NULL,
  `CST_IPI` int(11) DEFAULT NULL,
  `CST_PIS` int(11) DEFAULT NULL,
  `CST_COFINS` int(11) DEFAULT NULL,
  `PcReduz` decimal(8,5) DEFAULT '0.00000' COMMENT '% de redução na base de cálculo do ICMS',
  `AliqICMS` decimal(5,2) DEFAULT NULL,
  `Imagem` varchar(120) DEFAULT NULL COMMENT 'Arquivo contendo a imagem (BMP ou JPEG)',
  `CodBarras` varchar(25) DEFAULT NULL,
  `AlteraPreco` tinyint(1) DEFAULT NULL,
  PRIMARY KEY (`Grupo`,`Codigo`)
) ENGINE=InnoDB DEFAULT CHARSET=latin1;
/*!40101 SET character_set_client = @saved_cs_client */;

--
-- Dumping data for table `com_itens`
--

LOCK TABLES `com_itens` WRITE;
/*!40000 ALTER TABLE `com_itens` DISABLE KEYS */;
INSERT INTO `com_itens` VALUES (1,1,'Strogonoff de#carne','Pão, uma salsicha, molho de tomate e mostarda','Unico',NULL,25.00,'21069090',5101,102,90,99,99,99,0.00000,0.00,'C:\\Projetos\\speedfood\\Imagens\\StrogCarne.bmp',NULL,0),(1,2,'Frango ao#molho 4 queijos','','Unico',NULL,19.00,'21069090',5101,102,90,99,99,99,0.00000,0.00,'C:\\Projetos\\speedfood\\Imagens\\Frango4queijos.bmp',NULL,0),(1,3,'Carne ao#molho barbecue','Pão, salsicha, strogonoff, queijo, mostrada e maionese','Unico',NULL,21.00,'21069090',5101,102,90,99,99,99,0.00000,0.00,'C:\\Projetos\\speedfood\\Imagens\\CarneBarbecue.bmp',NULL,0),(1,4,'Frango com cheddar','',NULL,NULL,20.00,'21069090',5101,102,90,99,99,99,0.00000,0.00,'C:\\Projetos\\speedfood\\Imagens\\FrangoCheddar.bmp',NULL,0),(1,5,'Carne#ao molho madeira','',NULL,NULL,17.00,'21069090',5101,102,90,99,99,99,0.00000,0.00,'C:\\Projetos\\speedfood\\Imagens\\CarneMadeira.bmp',NULL,0),(1,6,'Strogonoff de#frango','',NULL,NULL,19.00,'21069090',5101,102,90,99,99,99,0.00000,0.00,'C:\\Projetos\\SpeedFood\\Imagens\\StrogFrango.bmp',NULL,0),(1,7,'Italiano#(Salame e queijo)','',NULL,NULL,16.00,'21069090',5101,102,90,99,99,99,0.00000,0.00,'C:\\Projetos\\SpeedFood\\Imagens\\Italiano.bmp',NULL,0),(1,8,'Cachorro Duplo','',NULL,'UN',20.00,'21069090',5101,102,90,99,99,99,0.00000,0.00,'C:\\Projetos\\SpeedFood\\Imagens\\CachorroDuplo.bmp',NULL,0),(1,9,'Simples#grande','',NULL,NULL,14.00,'21069090',5101,102,90,99,99,99,0.00000,0.00,'C:\\Projetos\\SpeedFood\\Imagens\\SimplesGrande.bmp',NULL,1),(1,10,'Simples pequeno','',NULL,NULL,16.00,'21069090',5101,102,90,99,99,99,0.00000,0.00,'C:\\Projetos\\SpeedFood\\Imagens\\SimplesPequeno.bmp',NULL,0),(1,11,'Calabresa','',NULL,NULL,18.00,'21069090',5101,102,90,99,99,99,0.00000,0.00,'C:\\Projetos\\SpeedFood\\Imagens\\Calabresa.bmp',NULL,0),(1,12,'Calabresa duplo','',NULL,NULL,20.00,'21069090',5101,102,90,99,99,99,0.00000,0.00,'C:\\Projetos\\SpeedFood\\Imagens\\CalabresaDuplo.bmp',NULL,0),(1,13,'Pão simples','',NULL,'UN',5.00,'21069090',5101,102,90,99,99,99,0.00000,0.00,'C:\\Projetos\\speedfood\\Imagens\\PaoSimples.bmp',NULL,1),(2,1,'Batata palha','',NULL,NULL,NULL,NULL,NULL,NULL,NULL,NULL,NULL,NULL,0.00000,NULL,NULL,NULL,NULL),(2,2,'Mostarda Amarela','',NULL,NULL,NULL,NULL,NULL,NULL,NULL,NULL,NULL,NULL,0.00000,NULL,NULL,NULL,NULL),(2,3,'Katchup','',NULL,NULL,NULL,NULL,NULL,NULL,NULL,NULL,NULL,NULL,0.00000,NULL,NULL,NULL,NULL),(2,4,'Molho de tomate','',NULL,NULL,NULL,NULL,NULL,NULL,NULL,NULL,NULL,NULL,0.00000,NULL,NULL,NULL,NULL),(2,5,'Queijo','',NULL,NULL,NULL,NULL,NULL,NULL,NULL,NULL,NULL,NULL,0.00000,NULL,NULL,NULL,NULL),(2,6,'Molho de queijo','',NULL,NULL,NULL,NULL,NULL,NULL,NULL,NULL,NULL,NULL,0.00000,NULL,NULL,NULL,NULL),(2,7,'Ervilha','',NULL,NULL,NULL,NULL,NULL,NULL,NULL,NULL,NULL,NULL,0.00000,NULL,NULL,NULL,NULL),(2,20,'Parmesão 30g','',NULL,NULL,NULL,NULL,NULL,NULL,NULL,NULL,NULL,NULL,0.00000,NULL,NULL,NULL,NULL),(2,21,'Cheddar','',NULL,NULL,1.50,NULL,NULL,NULL,NULL,NULL,NULL,NULL,0.00000,NULL,NULL,NULL,NULL),(2,22,'Salsicha','',NULL,NULL,2.50,NULL,NULL,NULL,NULL,NULL,NULL,NULL,0.00000,NULL,NULL,NULL,NULL),(2,23,'Calabresa','',NULL,NULL,2.50,NULL,NULL,NULL,NULL,NULL,NULL,NULL,0.00000,NULL,NULL,NULL,NULL),(3,1,'Coca-cola KS','',NULL,NULL,5.00,'22021000',5102,102,90,99,99,99,0.00000,0.00,'C:\\Projetos\\SpeedFood\\Imagens\\Coca-cola KS.bmp',NULL,NULL),(3,2,'Coca-cola lata#350 ml','',NULL,NULL,6.00,'22021000',5102,102,90,99,99,99,0.00000,0.00,'C:\\Projetos\\SpeedFood\\Imagens\\Coca-cola Lata.bmp',NULL,NULL),(3,3,'Coca-cola#600 ml','',NULL,NULL,7.00,'22021000',5102,102,90,99,99,99,0.00000,0.00,'C:\\Projetos\\SpeedFood\\Imagens\\Coca-cola 600.bmp',NULL,NULL),(3,4,'Coca-cola#2 litros','',NULL,'GF',10.00,'22021000',5102,102,90,99,99,99,0.00000,0.00,NULL,NULL,0),(3,5,'Fruki 600 ml ','',NULL,'un',6.50,'22021000',5102,102,90,99,99,99,0.00000,NULL,NULL,NULL,0),(3,6,'Refrigerante#Lata 350 ml','',NULL,'LT',5.00,'22021000',5102,102,0,99,99,99,0.00000,NULL,NULL,NULL,0),(3,7,'outra bebida qualquer','',NULL,'UN',6.00,'23021112',5405,300,40,99,99,99,0.00000,0.00,NULL,NULL,0),(4,1,'Chocolates','',NULL,'UN',8.00,'22021000',5102,102,90,99,99,99,0.00000,0.00,NULL,NULL,NULL),(4,2,'Doces','',NULL,'UN',2.00,'22021000',5102,102,90,99,99,99,0.00000,0.00,NULL,NULL,NULL);
/*!40000 ALTER TABLE `com_itens` ENABLE KEYS */;
UNLOCK TABLES;

--
-- Table structure for table `com_lctcaixa`
--

DROP TABLE IF EXISTS `com_lctcaixa`;
/*!40101 SET @saved_cs_client     = @@character_set_client */;
/*!50503 SET character_set_client = utf8mb4 */;
CREATE TABLE `com_lctcaixa` (
  `Turno` int(11) NOT NULL COMMENT 'Sequencia correspondente ao registro de caixa',
  `Sequencia` int(11) NOT NULL,
  `Operacao` int(11) DEFAULT NULL COMMENT '0-Informação de saldo inicial  1-Recebimento(+)  2-Suprimento(+)  3-Pagamento(-)  4-Sangira(-) ',
  `Valor` decimal(15,2) DEFAULT NULL,
  `MeioPgt` int(11) DEFAULT NULL COMMENT '1-R$  2-C.Créd  3-C.Déb  4-Pix\\n5-Outros',
  `Saldo` decimal(15,2) DEFAULT NULL COMMENT 'Saldo corrente\n',
  `Historico` varchar(120) DEFAULT NULL COMMENT 'Histórico do lançamento / comentário',
  `PgtReais` decimal(15,2) DEFAULT NULL,
  `PgtCDeb` decimal(15,2) DEFAULT NULL,
  `PgtCCred` decimal(15,2) DEFAULT NULL,
  `PgtPIX` decimal(15,2) DEFAULT NULL,
  `PgtOutros` decimal(15,2) DEFAULT NULL,
  `NroPedido` int(11) DEFAULT NULL,
  `DtHrLcto` varchar(45) DEFAULT NULL,
  `Tipo` char(1) DEFAULT NULL COMMENT '''M'' Lctos MANUAIS; ''A'' ou '' '' Automático   ',
  PRIMARY KEY (`Turno`,`Sequencia`)
) ENGINE=InnoDB DEFAULT CHARSET=latin1;
/*!40101 SET character_set_client = @saved_cs_client */;

--
-- Dumping data for table `com_lctcaixa`
--

LOCK TABLES `com_lctcaixa` WRITE;
/*!40000 ALTER TABLE `com_lctcaixa` DISABLE KEYS */;
INSERT INTO `com_lctcaixa` VALUES (1,0,0,0.00,0,0.00,'Saldo inicial',NULL,NULL,NULL,NULL,NULL,NULL,NULL,NULL),(2,0,0,0.00,0,0.00,'Saldo inicial',NULL,NULL,NULL,NULL,NULL,NULL,NULL,NULL),(3,0,0,0.00,0,0.00,'Saldo inicial',NULL,NULL,NULL,NULL,NULL,NULL,NULL,NULL),(4,0,0,123.45,0,123.45,'Saldo inicial',NULL,NULL,NULL,NULL,NULL,NULL,'24/11/2022 08:24:33',NULL),(4,1,1,51.50,0,174.95,'Pedido: 1',51.50,0.00,0.00,0.00,0.00,1,'24/11/2022 08:26:15',NULL),(4,2,1,26.00,0,200.95,'Pedido: 2',26.00,0.00,0.00,0.00,0.00,2,'24/11/2022 08:26:40',NULL),(4,3,1,55.00,3,255.95,'Pedido: 3',0.00,0.00,0.00,55.00,0.00,3,'24/11/2022 13:42:56',NULL),(4,4,1,17.00,0,272.95,'Pedido: 4',17.00,0.00,0.00,0.00,0.00,4,'24/11/2022 13:43:11',NULL),(5,0,0,0.00,0,0.00,'Saldo inicial',NULL,NULL,NULL,NULL,NULL,NULL,'25/11/2022 09:03:53',NULL),(5,1,1,19.00,0,19.00,'Pedido: 5',19.00,0.00,0.00,0.00,0.00,5,'25/11/2022 09:34:13',NULL),(6,0,0,0.00,0,0.00,'Saldo inicial',NULL,NULL,NULL,NULL,NULL,NULL,'2022-11-28 17:16:33',NULL),(6,1,1,24.00,0,24.00,'Pedido: 6',24.00,0.00,0.00,0.00,0.00,6,'2022-11-29 15:53:03',NULL),(7,0,0,0.00,0,0.00,'Saldo inicial',NULL,NULL,NULL,NULL,NULL,NULL,'2022-11-30 08:31:59',NULL),(7,1,1,44.00,0,44.00,'Pedido: 7',44.00,0.00,0.00,0.00,0.00,7,'2022-11-30 09:59:36',NULL),(7,2,1,29.50,0,73.50,'Pedido: 8',29.50,0.00,0.00,0.00,0.00,8,'2022-11-30 10:02:12',NULL),(7,3,1,21.00,0,94.50,'Pedido: 9',21.00,0.00,0.00,0.00,0.00,9,'2022-11-30 10:24:06',NULL),(7,4,1,25.00,0,119.50,'Pedido: 10',25.00,0.00,0.00,0.00,0.00,10,'2022-11-30 10:27:46',NULL),(7,5,1,25.50,5,145.00,'Pedido: 11',10.00,12.00,2.00,1.00,0.50,11,'2022-11-30 10:36:02',NULL),(7,6,1,52.50,0,197.50,'Pedido: 12',52.50,0.00,0.00,0.00,0.00,12,'2022-11-30 14:48:16',NULL),(7,7,1,47.00,0,244.50,'Pedido: 13',47.00,0.00,0.00,0.00,0.00,13,'2022-11-30 14:59:10',NULL),(7,8,1,130.00,0,374.50,'Pedido: 14',130.00,0.00,0.00,0.00,0.00,14,'2022-11-30 15:45:38',NULL),(7,9,1,35.50,2,410.00,'Pedido: 15',0.00,0.00,35.50,0.00,0.00,15,'2022-11-30 19:07:05',NULL),(7,10,1,17.00,4,427.00,'Pedido: 16',0.00,0.00,0.00,0.00,17.00,16,'2022-11-30 19:07:35',NULL),(7,11,1,97.50,0,524.50,'Pedido: 17',97.50,0.00,0.00,0.00,0.00,17,'2022-11-30 19:09:21',NULL),(7,12,1,51.00,3,575.50,'Pedido: 18',0.00,0.00,0.00,51.00,0.00,18,'2022-11-30 19:38:09',NULL),(7,13,1,76.00,0,651.50,'Pedido: 20',76.00,0.00,0.00,0.00,0.00,20,'2022-11-30 19:39:19',NULL),(7,14,1,47.00,0,698.50,'Pedido: 21',47.00,0.00,0.00,0.00,0.00,21,'2022-11-30 21:08:44',NULL),(7,15,1,25.00,1,723.50,'Pedido: 42',0.00,25.00,0.00,0.00,0.00,42,'2022-12-07 23:32:05',NULL),(7,16,1,19.50,2,743.00,'Pedido: 43',0.00,0.00,19.50,0.00,0.00,43,'2022-12-07 23:32:30',NULL),(8,0,0,0.00,0,0.00,'Saldo inicial',NULL,NULL,NULL,NULL,NULL,NULL,'2022-12-01 09:08:13',NULL),(8,1,1,19.00,0,19.00,'Pedido: 22',19.00,0.00,0.00,0.00,0.00,22,'2022-12-01 09:19:08',NULL),(8,2,1,71.00,0,90.00,'Pedido: 23',21.00,10.00,10.00,10.00,20.00,23,'2022-12-01 09:23:22',NULL),(8,3,1,16.00,0,106.00,'Pedido: 24',16.00,0.00,0.00,0.00,0.00,24,'2022-12-01 09:28:02',NULL),(8,4,1,16.00,5,122.00,'Pedido: 25',1.00,2.00,3.00,4.00,6.00,25,'2022-12-01 09:29:58',NULL),(8,5,1,32.00,1,154.00,'Pedido: 26',0.00,32.00,0.00,0.00,0.00,26,'2022-12-01 09:31:05',NULL),(8,6,1,16.00,0,170.00,'Pedido: 27',16.00,0.00,0.00,0.00,0.00,27,'2022-12-01 09:44:16',NULL),(8,7,1,17.00,0,187.00,'Pedido: 28',17.00,0.00,0.00,0.00,0.00,28,'2022-12-01 09:47:36',NULL),(8,8,1,37.50,0,224.50,'Pedido: 29',37.50,0.00,0.00,0.00,0.00,29,'2022-12-01 10:01:54',NULL),(8,9,1,16.00,0,240.50,'Pedido: 31',16.00,0.00,0.00,0.00,0.00,31,'2022-12-01 21:33:45',NULL),(8,10,1,17.00,0,257.50,'Pedido: 32',17.00,0.00,0.00,0.00,0.00,32,'2022-12-01 21:59:23',NULL),(9,0,0,0.00,0,0.00,'Saldo inicial',NULL,NULL,NULL,NULL,NULL,NULL,'2022-12-03 14:44:58',NULL),(9,1,1,52.00,3,52.00,'Pedido: 33',52.00,0.00,0.00,0.00,0.00,33,'2022-12-03 14:30:57',NULL),(9,2,1,19.00,0,71.00,'Pedido: 34',19.00,0.00,0.00,0.00,0.00,34,'2022-12-03 14:44:44',NULL),(10,0,0,23.45,0,23.45,'Saldo inicial',NULL,NULL,NULL,NULL,NULL,NULL,'2022-12-03 15:20:19',NULL),(10,1,1,19.00,0,42.45,'Pedido: 35',19.00,0.00,0.00,0.00,0.00,35,'2022-12-03 20:20:31',NULL),(11,0,0,0.00,0,0.00,'Saldo inicial',NULL,NULL,NULL,NULL,NULL,NULL,'2022-12-05 10:25:26',NULL),(12,0,0,0.00,0,0.00,'Saldo inicial',NULL,NULL,NULL,NULL,NULL,NULL,'2022-12-06 16:10:22',NULL),(12,1,1,48.00,0,48.00,'Pedido: 36',48.00,0.00,0.00,0.00,0.00,36,'2022-12-06 18:54:29',NULL),(12,2,1,49.00,0,97.00,'Pedido: 37',49.00,0.00,0.00,0.00,0.00,37,'2022-12-06 19:25:56',NULL),(12,3,1,83.50,0,180.50,'Pedido: 38',83.50,0.00,0.00,0.00,0.00,38,'2022-12-06 19:46:37',NULL),(12,4,1,7.50,0,188.00,'Pedido: 39',7.50,0.00,0.00,0.00,0.00,39,'2022-12-06 23:20:38',NULL),(12,5,1,16.00,0,204.00,'Pedido: 40',16.00,0.00,0.00,0.00,0.00,40,'2022-12-06 23:22:54',NULL),(12,6,1,23.00,0,227.00,'Pedido: 41',23.00,0.00,0.00,0.00,0.00,41,'2022-12-07 10:53:07',NULL),(13,0,0,0.00,0,0.00,'Saldo inicial',NULL,NULL,NULL,NULL,NULL,NULL,'2022-12-07 21:24:56',NULL),(13,1,1,20.00,3,20.00,'Pedido: 44',0.00,0.00,0.00,20.00,0.00,44,'2022-12-07 23:33:23',NULL),(13,2,1,25.00,1,45.00,'Pedido: 45',0.00,25.00,0.00,0.00,0.00,45,'2022-12-07 23:34:28',NULL),(13,3,1,10.00,0,55.00,'jdhkjdshkjfhksdhfkjshd',NULL,NULL,NULL,NULL,NULL,NULL,'2022-12-08 14:31:10',NULL),(13,4,1,19.00,0,74.00,'Pedido: 46',19.00,0.00,0.00,0.00,0.00,46,'2022-12-08 16:15:05','A'),(13,5,1,16.00,0,90.00,'Pedido: 47',16.00,0.00,0.00,0.00,0.00,47,'2022-12-08 16:18:05','A'),(13,6,1,19.00,0,109.00,'Pedido: 48',19.00,0.00,0.00,0.00,0.00,48,'2022-12-08 16:20:04','A'),(13,7,1,16.00,0,125.00,'Pedido: 49',16.00,0.00,0.00,0.00,0.00,49,'2022-12-08 16:24:21','A'),(13,8,1,16.00,0,141.00,'Pedido: 50',16.00,0.00,0.00,0.00,0.00,50,'2022-12-08 16:25:11','A'),(13,9,1,16.00,0,157.00,'Pedido: 51',16.00,0.00,0.00,0.00,0.00,51,'2022-12-08 16:25:38','A'),(13,10,1,16.00,0,173.00,'Pedido: 52',16.00,0.00,0.00,0.00,0.00,52,'2022-12-08 16:25:56','A'),(13,11,1,16.00,0,189.00,'Pedido: 53',16.00,0.00,0.00,0.00,0.00,53,'2022-12-08 16:26:25','A'),(13,12,1,16.00,0,205.00,'Pedido: 54',16.00,0.00,0.00,0.00,0.00,54,'2022-12-08 16:27:56','A'),(13,13,1,20.00,0,225.00,'Pedido: 55',20.00,0.00,0.00,0.00,0.00,55,'2022-12-08 16:28:23','A'),(13,14,1,16.00,0,241.00,'Pedido: 56',16.00,0.00,0.00,0.00,0.00,56,'2022-12-08 16:30:43','A'),(13,15,1,16.00,0,257.00,'Pedido: 57',16.00,0.00,0.00,0.00,0.00,57,'2022-12-08 16:32:18','A'),(13,16,1,16.00,0,273.00,'Pedido: 58',16.00,0.00,0.00,0.00,0.00,58,'2022-12-08 16:32:33','A'),(13,17,1,16.00,0,289.00,'Pedido: 59',16.00,0.00,0.00,0.00,0.00,59,'2022-12-08 16:33:17','A'),(13,18,1,16.00,0,305.00,'Pedido: 60',16.00,0.00,0.00,0.00,0.00,60,'2022-12-08 16:34:54','A'),(13,19,1,16.00,0,321.00,'Pedido: 61',16.00,0.00,0.00,0.00,0.00,61,'2022-12-08 16:35:47','A'),(13,20,1,20.00,0,341.00,'Pedido: 62',20.00,0.00,0.00,0.00,0.00,62,'2022-12-08 16:38:19','A'),(13,21,1,20.00,0,361.00,'Pedido: 63',20.00,0.00,0.00,0.00,0.00,63,'2022-12-08 16:40:01','A'),(13,22,1,20.00,0,381.00,'Pedido: 64',20.00,0.00,0.00,0.00,0.00,64,'2022-12-08 16:40:54','A'),(13,23,1,16.00,0,397.00,'Pedido: 65',16.00,0.00,0.00,0.00,0.00,65,'2022-12-08 16:42:12','A'),(13,24,1,20.00,0,417.00,'Pedido: 66',20.00,0.00,0.00,0.00,0.00,66,'2022-12-08 16:45:07','A'),(13,25,1,16.00,0,433.00,'Pedido: 67',16.00,0.00,0.00,0.00,0.00,67,'2022-12-08 16:56:53','A'),(13,26,1,16.00,0,449.00,'Pedido: 68',3.50,5.25,5.50,1.75,0.00,68,'2022-12-08 17:02:32','A'),(13,27,1,61.00,0,510.00,'Pedido: 69',61.00,0.00,0.00,0.00,0.00,69,'2022-12-08 19:14:23','A'),(13,28,1,51.50,0,561.50,'Pedido: 70',51.50,0.00,0.00,0.00,0.00,70,'2022-12-08 19:20:21','A'),(13,29,1,53.00,4,614.50,'Pedido: 71',12.00,8.00,5.00,3.00,25.00,71,'2022-12-08 19:25:24','A'),(13,30,1,43.21,0,657.71,'Receber ',43.21,NULL,NULL,NULL,NULL,NULL,'2022-12-08 20:18:29',NULL),(13,31,2,32.66,0,690.37,'Suprimento',32.66,NULL,NULL,NULL,NULL,NULL,'2022-12-08 20:21:08',NULL),(13,32,3,25.00,0,665.37,'Devolução para alguém',25.00,NULL,NULL,NULL,NULL,NULL,'2022-12-08 20:21:35',NULL),(13,33,4,660.00,0,5.37,'Sangria',660.00,NULL,NULL,NULL,NULL,NULL,'2022-12-08 20:22:03',NULL),(13,34,1,100.00,0,105.37,'Receber de Fulano',100.00,NULL,NULL,NULL,NULL,NULL,'2022-12-08 20:28:59',NULL),(13,35,1,100.00,0,205.37,'Receber ',10.00,20.00,30.00,20.00,20.00,NULL,'2022-12-08 20:58:45',NULL),(13,36,1,35.22,5,240.59,'Receber ',5.00,5.00,5.00,15.00,5.22,NULL,'2022-12-08 21:03:02',NULL),(13,37,1,40.00,0,280.59,'Pedido: 72',40.00,0.00,0.00,0.00,0.00,72,'2022-12-08 21:15:35','A'),(13,38,1,34.00,0,314.59,'Pedido: 73',34.00,0.00,0.00,0.00,0.00,73,'2022-12-08 21:19:46','A'),(14,0,0,0.00,0,0.00,'Saldo inicial',NULL,NULL,NULL,NULL,NULL,NULL,'2022-12-08 21:25:50',NULL),(14,1,1,224.00,5,224.00,'Pedido: 74',100.00,80.00,20.00,20.00,4.00,74,'2022-12-08 21:42:35','A'),(14,2,1,23.00,0,247.00,'Pedido: 75',23.00,0.00,0.00,0.00,0.00,75,'2022-12-09 09:08:26','A'),(14,5,2,3.22,0,250.22,'Suprimento',3.22,NULL,NULL,NULL,NULL,NULL,'2022-12-09 10:10:50','M'),(14,6,1,50.00,5,300.22,'Receber ',10.00,10.00,10.00,10.00,10.00,NULL,'2022-12-09 10:15:47','M'),(14,7,1,72.00,0,372.22,'Pedido: 76',25.00,10.00,10.00,10.00,17.00,76,'2022-12-09 10:17:01','A'),(14,8,1,61.00,0,433.22,'Pedido: 77',11.00,10.00,10.00,10.00,20.00,77,'2022-12-09 10:26:59','A'),(14,9,1,40.00,0,473.22,'Pedido: 78',40.00,0.00,0.00,0.00,0.00,78,'2022-12-09 10:31:05','A'),(14,10,1,22.00,5,495.22,'Pedido: 79',12.00,0.00,0.00,10.00,0.00,79,'2022-12-09 10:53:53','A'),(14,11,1,46.00,0,541.22,'Pedido: 80',46.00,0.00,0.00,0.00,0.00,80,'2022-12-09 10:54:16','A'),(14,12,1,45.00,2,586.22,'Pedido: 81',0.00,0.00,45.00,0.00,0.00,81,'2022-12-09 10:54:52','A'),(14,13,1,52.00,5,638.22,'Pedido: 82',25.00,0.00,27.00,0.00,0.00,82,'2022-12-09 10:55:35','A'),(14,14,1,26.00,2,664.22,'Pedido: 83',0.00,0.00,26.00,0.00,0.00,83,'2022-12-09 11:07:23','A'),(14,15,1,30.00,3,694.22,'Pedido: 84',0.00,0.00,0.00,30.00,0.00,84,'2022-12-09 11:10:26','A'),(14,16,1,16.00,0,710.22,'Pedido: 85',16.00,0.00,0.00,0.00,0.00,85,'2022-12-09 20:38:54','A'),(14,17,1,48.00,0,758.22,'Pedido: 86',48.00,0.00,0.00,0.00,0.00,86,'2022-12-09 20:39:10','A'),(14,18,1,71.00,0,829.22,'Pedido: 87',71.00,0.00,0.00,0.00,0.00,87,'2022-12-09 20:50:40','A'),(14,19,1,45.00,0,874.22,'Pedido: 88',45.00,0.00,0.00,0.00,0.00,88,'2022-12-09 20:51:08','A'),(15,0,0,0.00,0,0.00,'Saldo inicial',NULL,NULL,NULL,NULL,NULL,NULL,'2022-12-12 10:12:04',NULL),(15,1,1,19.00,0,19.00,'Pedido: 89',19.00,0.00,0.00,0.00,0.00,89,'2022-12-12 10:13:23','A'),(15,2,1,17.00,2,36.00,'Pedido: 90',0.00,0.00,17.00,0.00,0.00,90,'2022-12-12 17:29:54','A'),(16,0,0,0.00,0,0.00,'Saldo inicial',NULL,NULL,NULL,NULL,NULL,NULL,'2022-12-13 19:26:13',NULL),(16,1,1,26.00,0,26.00,'Pedido: 91',26.00,0.00,0.00,0.00,0.00,91,'2022-12-13 19:27:21','A'),(16,2,1,55.00,0,81.00,'Pedido: 92',55.00,0.00,0.00,0.00,0.00,92,'2022-12-13 19:44:36','A'),(16,3,1,40.00,0,121.00,'Pedido: 93',40.00,0.00,0.00,0.00,0.00,93,'2022-12-13 19:45:32','A'),(16,4,1,56.00,0,177.00,'Pedido: 94',56.00,0.00,0.00,0.00,0.00,94,'2022-12-13 19:58:01','A'),(16,5,1,43.00,0,220.00,'Pedido: 95',43.00,0.00,0.00,0.00,0.00,95,'2022-12-14 15:36:30','A'),(16,6,1,120.00,0,340.00,'Receber ',120.00,NULL,NULL,NULL,NULL,NULL,'2022-12-14 15:44:17','M'),(16,7,3,80.00,0,260.00,'fmljflgdflkgjldf',80.00,NULL,NULL,NULL,NULL,NULL,'2022-12-14 15:44:41','M'),(17,0,0,0.00,0,0.00,'Saldo inicial',NULL,NULL,NULL,NULL,NULL,NULL,'2022-12-15 08:24:01',NULL),(17,1,1,3.50,0,3.50,'Pedido: 96',3.50,0.00,0.00,0.00,0.00,96,'2022-12-15 19:04:42','A'),(17,2,1,19.00,0,22.50,'Pedido: 97',19.00,0.00,0.00,0.00,0.00,97,'2022-12-15 19:32:22','A'),(17,3,1,28.50,0,51.00,'Pedido: 98',28.50,0.00,0.00,0.00,0.00,98,'2022-12-15 19:51:24','A'),(17,4,1,66.50,0,117.50,'Pedido: 99',66.50,0.00,0.00,0.00,0.00,99,'2022-12-15 20:06:01','A'),(17,5,1,19.00,0,136.50,'Pedido: 100',19.00,0.00,0.00,0.00,0.00,100,'2022-12-15 20:09:23','A'),(17,6,1,55.50,0,192.00,'Pedido: 101',55.50,0.00,0.00,0.00,0.00,101,'2022-12-15 20:25:54','A'),(18,0,0,0.00,0,0.00,'Saldo inicial',NULL,NULL,NULL,NULL,NULL,NULL,'2022-12-18 09:41:31',NULL),(18,1,1,19.00,0,19.00,'Pedido: 102',19.00,0.00,0.00,0.00,0.00,102,'2022-12-18 09:50:58','A'),(18,2,1,31.00,0,50.00,'Pedido: 103',31.00,0.00,0.00,0.00,0.00,103,'2022-12-18 09:52:39','A'),(18,3,1,37.00,0,87.00,'Pedido: 104',37.00,0.00,0.00,0.00,0.00,104,'2022-12-18 11:14:10','A'),(18,4,1,28.50,0,115.50,'Pedido: 105',28.50,0.00,0.00,0.00,0.00,105,'2022-12-19 09:18:27','A'),(19,0,0,0.00,0,0.00,'Saldo inicial',NULL,NULL,NULL,NULL,NULL,NULL,'2022-12-19 09:45:04',NULL),(19,1,1,53.00,0,53.00,'Pedido: 106',53.00,0.00,0.00,0.00,0.00,106,'2022-12-19 09:47:08','A'),(19,2,1,31.50,0,84.50,'Pedido: 107',31.50,0.00,0.00,0.00,0.00,107,'2022-12-19 10:46:16','A'),(19,3,1,25.50,0,110.00,'Pedido: 108',25.50,0.00,0.00,0.00,0.00,108,'2022-12-19 11:03:05','A'),(19,4,1,69.00,0,179.00,'Pedido: 109',69.00,0.00,0.00,0.00,0.00,109,'2022-12-19 15:21:15','A'),(19,5,1,56.50,0,235.50,'Pedido: 110',56.50,0.00,0.00,0.00,0.00,110,'2022-12-19 15:52:15','A'),(19,6,1,49.50,0,285.00,'Pedido: 111',49.50,0.00,0.00,0.00,0.00,111,'2022-12-19 16:05:43','A'),(19,7,1,68.00,0,353.00,'Pedido: 112',68.00,0.00,0.00,0.00,0.00,112,'2022-12-19 16:09:13','A'),(19,8,1,49.00,0,402.00,'Pedido: 113',49.00,0.00,0.00,0.00,0.00,113,'2022-12-19 16:16:48','A'),(19,9,1,56.00,0,458.00,'Pedido: 114',56.00,0.00,0.00,0.00,0.00,114,'2022-12-19 16:36:46','A'),(20,0,0,0.00,0,0.00,'Saldo inicial',NULL,NULL,NULL,NULL,NULL,NULL,'2022-12-20 10:08:09',NULL),(20,1,1,26.50,0,26.50,'Pedido: 115',26.50,0.00,0.00,0.00,0.00,115,'2022-12-20 10:09:35','A'),(20,2,1,26.00,0,52.50,'Pedido: 116',26.00,0.00,0.00,0.00,0.00,116,'2022-12-20 14:18:44','A'),(20,3,1,24.00,0,76.50,'Pedido: 117',24.00,0.00,0.00,0.00,0.00,117,'2022-12-20 17:41:03','A'),(20,4,1,30.00,0,106.50,'Pedido: 118',30.00,0.00,0.00,0.00,0.00,118,'2022-12-20 17:42:24','A'),(20,5,1,30.00,0,136.50,'Pedido: 119',30.00,0.00,0.00,0.00,0.00,119,'2022-12-20 17:47:08','A'),(20,6,1,55.50,0,192.00,'Pedido: 120',55.50,0.00,0.00,0.00,0.00,120,'2022-12-20 17:55:17','A'),(20,7,1,51.00,0,243.00,'Pedido: 121',51.00,0.00,0.00,0.00,0.00,121,'2022-12-20 18:37:58','A'),(20,8,1,69.50,0,312.50,'Pedido: 122',69.50,0.00,0.00,0.00,0.00,122,'2022-12-20 18:48:33','A'),(21,0,0,0.00,0,0.00,'Saldo inicial',NULL,NULL,NULL,NULL,NULL,NULL,'2022-12-21 10:11:21',NULL),(21,1,1,91.00,0,91.00,'Pedido: 123',91.00,0.00,0.00,0.00,0.00,123,'2022-12-21 10:12:08','A'),(21,2,1,65.50,0,156.50,'Pedido: 124',65.50,0.00,0.00,0.00,0.00,124,'2022-12-21 15:32:59','A'),(22,1,1,76.00,0,76.00,'Pedido: 125',76.00,0.00,0.00,0.00,0.00,125,'2022-12-22 10:56:02','A'),(22,2,1,90.50,0,166.50,'Pedido: 126',90.50,0.00,0.00,0.00,0.00,126,'2022-12-22 10:58:50','A'),(22,3,1,47.00,0,213.50,'Pedido: 127',47.00,0.00,0.00,0.00,0.00,127,'2022-12-22 11:00:31','A'),(22,4,1,51.00,2,264.50,'Pedido: 128',0.00,0.00,51.00,0.00,0.00,128,'2022-12-22 11:14:49','A'),(22,5,1,45.00,2,309.50,'Pedido: 129',0.00,0.00,45.00,0.00,0.00,129,'2022-12-22 11:23:23','A'),(22,6,1,21.00,2,330.50,'Pedido: 130',0.00,0.00,21.00,0.00,0.00,130,'2022-12-22 11:25:20','A'),(22,7,1,23.00,0,353.50,'Pedido: 131',23.00,0.00,0.00,0.00,0.00,131,'2022-12-22 11:27:00','A'),(22,8,1,38.00,1,391.50,'Pedido: 132',0.00,38.00,0.00,0.00,0.00,132,'2022-12-22 12:50:04','A'),(22,9,1,69.00,0,460.50,'Pedido: 133',69.00,0.00,0.00,0.00,0.00,133,'2022-12-22 13:30:10','A');
/*!40000 ALTER TABLE `com_lctcaixa` ENABLE KEYS */;
UNLOCK TABLES;
/*!50003 SET @saved_cs_client      = @@character_set_client */ ;
/*!50003 SET @saved_cs_results     = @@character_set_results */ ;
/*!50003 SET @saved_col_connection = @@collation_connection */ ;
/*!50003 SET character_set_client  = utf8mb4 */ ;
/*!50003 SET character_set_results = utf8mb4 */ ;
/*!50003 SET collation_connection  = utf8mb4_general_ci */ ;
/*!50003 SET @saved_sql_mode       = @@sql_mode */ ;
/*!50003 SET sql_mode              = 'STRICT_TRANS_TABLES,NO_AUTO_CREATE_USER,NO_ENGINE_SUBSTITUTION' */ ;
DELIMITER ;;
/*!50003 CREATE*/ /*!50017 DEFINER=`speedfood`@`%`*/ /*!50003 TRIGGER `speedfood`.`com_lctcaixa_BEFORE_INSERT` BEFORE INSERT ON `com_lctcaixa` FOR EACH ROW
BEGIN
 SET NEW.DtHrLcto = Now();  
END */;;
DELIMITER ;
/*!50003 SET sql_mode              = @saved_sql_mode */ ;
/*!50003 SET character_set_client  = @saved_cs_client */ ;
/*!50003 SET character_set_results = @saved_cs_results */ ;
/*!50003 SET collation_connection  = @saved_col_connection */ ;

--
-- Table structure for table `com_pedido`
--

DROP TABLE IF EXISTS `com_pedido`;
/*!40101 SET @saved_cs_client     = @@character_set_client */;
/*!50503 SET character_set_client = utf8mb4 */;
CREATE TABLE `com_pedido` (
  `Numero` int(11) unsigned NOT NULL,
  `Data` datetime DEFAULT NULL,
  `CPF_CNPJ` varchar(14) DEFAULT NULL,
  `Lanctos` int(11) DEFAULT NULL,
  `Valor` decimal(15,2) DEFAULT NULL,
  `NrNFCe` int(11) DEFAULT NULL,
  `SrNFCe` int(11) DEFAULT NULL,
  `MeioPagto` int(11) DEFAULT NULL,
  `VlrReais` decimal(15,2) DEFAULT NULL,
  `VlrCDeb` decimal(15,2) DEFAULT NULL,
  `VlrCCred` decimal(15,2) DEFAULT NULL,
  `VlrPIX` decimal(15,2) DEFAULT NULL,
  `VlrOutros` decimal(15,2) DEFAULT NULL,
  `ArqXML` longtext,
  `EtqImpressas` tinyint(4) DEFAULT NULL COMMENT 'Etiquetas impressas ?  Yes/No',
  `NomeCliente` varchar(45) DEFAULT NULL,
  `VlrRecebido` decimal(15,2) DEFAULT NULL,
  `VlrTroco` decimal(15,2) DEFAULT NULL,
  `Turno` int(5) DEFAULT NULL,
  PRIMARY KEY (`Numero`),
  KEY `DataX` (`Data`)
) ENGINE=InnoDB DEFAULT CHARSET=latin1;
/*!40101 SET character_set_client = @saved_cs_client */;

--
-- Dumping data for table `com_pedido`
--

LOCK TABLES `com_pedido` WRITE;
/*!40000 ALTER TABLE `com_pedido` DISABLE KEYS */;
INSERT INTO `com_pedido` VALUES (1,'2022-11-24 08:26:03',NULL,3,51.50,NULL,NULL,0,51.50,NULL,NULL,NULL,NULL,NULL,NULL,NULL,NULL,NULL,NULL),(2,'2022-11-24 08:26:39',NULL,2,26.00,NULL,NULL,0,26.00,NULL,NULL,NULL,NULL,NULL,NULL,NULL,NULL,NULL,NULL),(3,'2022-11-24 13:42:50',NULL,3,55.00,NULL,NULL,3,NULL,NULL,NULL,55.00,NULL,NULL,NULL,NULL,NULL,NULL,NULL),(4,'2022-11-24 13:43:10',NULL,1,17.00,NULL,NULL,0,17.00,NULL,NULL,NULL,NULL,NULL,NULL,NULL,NULL,NULL,NULL),(5,'2022-11-25 09:34:11',NULL,1,19.00,NULL,NULL,0,19.00,NULL,NULL,NULL,NULL,NULL,NULL,NULL,NULL,NULL,NULL),(6,'2022-11-29 15:53:00',NULL,2,24.00,NULL,NULL,0,24.00,NULL,NULL,NULL,NULL,NULL,NULL,NULL,NULL,NULL,NULL),(7,'2022-11-30 09:59:22',NULL,3,44.00,NULL,NULL,0,44.00,NULL,NULL,NULL,NULL,NULL,NULL,NULL,NULL,NULL,NULL),(8,'2022-11-30 10:02:11',NULL,2,29.50,NULL,NULL,0,29.50,NULL,NULL,NULL,NULL,NULL,NULL,NULL,NULL,NULL,NULL),(9,'2022-11-30 10:23:32',NULL,1,21.00,NULL,NULL,0,21.00,NULL,NULL,NULL,NULL,NULL,NULL,NULL,30.00,NULL,NULL),(10,'2022-11-30 10:27:22',NULL,2,25.00,NULL,NULL,0,25.00,NULL,NULL,NULL,NULL,NULL,NULL,NULL,30.00,5.00,NULL),(11,'2022-11-30 10:34:52',NULL,2,25.50,NULL,NULL,5,10.00,12.00,2.00,1.00,0.50,NULL,NULL,NULL,30.00,4.50,NULL),(12,'2022-11-30 14:46:51',NULL,3,52.50,NULL,NULL,0,52.50,NULL,NULL,NULL,NULL,NULL,NULL,NULL,60.00,7.50,NULL),(13,'2022-11-30 14:58:34',NULL,3,47.00,NULL,NULL,0,47.00,NULL,NULL,NULL,NULL,NULL,NULL,NULL,NULL,NULL,NULL),(14,'2022-11-30 15:45:37',NULL,7,130.00,NULL,NULL,0,130.00,NULL,NULL,NULL,NULL,NULL,NULL,NULL,NULL,NULL,NULL),(15,'2022-11-30 19:06:37','',2,35.50,NULL,NULL,2,NULL,NULL,35.50,NULL,NULL,NULL,NULL,NULL,NULL,NULL,NULL),(16,'2022-11-30 19:07:24',NULL,1,17.00,NULL,NULL,4,NULL,NULL,NULL,NULL,17.00,NULL,NULL,NULL,NULL,NULL,NULL),(17,'2022-11-30 19:09:20',NULL,5,97.50,NULL,NULL,0,97.50,NULL,NULL,NULL,NULL,NULL,NULL,NULL,NULL,NULL,NULL),(18,'2022-11-30 19:37:59',NULL,3,51.00,NULL,NULL,3,NULL,NULL,NULL,51.00,NULL,NULL,NULL,NULL,NULL,NULL,NULL),(19,'2022-11-30 19:38:56',NULL,3,52.00,NULL,NULL,0,52.00,NULL,NULL,NULL,NULL,NULL,NULL,NULL,NULL,NULL,NULL),(20,'2022-11-30 19:39:16',NULL,5,76.00,NULL,NULL,0,76.00,NULL,NULL,NULL,NULL,NULL,NULL,NULL,NULL,NULL,NULL),(21,'2022-11-30 21:08:29',NULL,3,47.00,NULL,NULL,0,47.00,NULL,NULL,NULL,NULL,NULL,NULL,NULL,50.00,3.00,NULL),(22,'2022-12-01 09:18:41',NULL,1,19.00,NULL,NULL,0,19.00,NULL,NULL,NULL,NULL,NULL,NULL,'FULANO',50.00,31.00,NULL),(23,'2022-12-01 09:21:30','22218653087',4,71.00,NULL,NULL,0,21.00,10.00,10.00,10.00,20.00,NULL,NULL,'FULANO',NULL,NULL,NULL),(24,'2022-12-01 09:26:34','22218653087',1,16.00,NULL,NULL,0,16.00,NULL,NULL,NULL,NULL,NULL,NULL,'FULANO',20.00,4.00,NULL),(25,'2022-12-01 09:29:33',NULL,1,16.00,NULL,NULL,5,1.00,2.00,3.00,4.00,6.00,NULL,NULL,NULL,NULL,NULL,NULL),(26,'2022-12-01 09:30:25',NULL,2,32.00,NULL,NULL,1,NULL,32.00,NULL,NULL,NULL,NULL,NULL,NULL,32.00,0.00,NULL),(27,'2022-12-01 09:42:12','22218653087',1,16.00,NULL,NULL,0,16.00,NULL,NULL,NULL,NULL,NULL,NULL,'ZE',NULL,NULL,NULL),(28,'2022-12-01 09:46:55','88888888000000',1,17.00,NULL,NULL,0,17.00,NULL,NULL,NULL,NULL,NULL,NULL,NULL,NULL,NULL,NULL),(29,'2022-12-01 10:01:28',NULL,2,37.50,NULL,NULL,0,37.50,NULL,NULL,NULL,NULL,NULL,NULL,NULL,50.00,12.50,NULL),(30,'2022-12-01 21:31:40',NULL,1,18.00,NULL,NULL,0,18.00,NULL,NULL,NULL,NULL,NULL,NULL,NULL,50.00,32.00,NULL),(31,'2022-12-01 21:33:34',NULL,1,16.00,NULL,NULL,0,16.00,NULL,NULL,NULL,NULL,NULL,NULL,NULL,NULL,NULL,NULL),(32,'2022-12-01 21:59:12',NULL,1,17.00,NULL,NULL,0,17.00,NULL,NULL,NULL,NULL,NULL,NULL,NULL,NULL,NULL,NULL),(33,'2022-12-03 14:30:15',NULL,3,52.00,NULL,NULL,3,52.00,NULL,NULL,NULL,NULL,NULL,NULL,NULL,60.00,8.00,NULL),(34,'2022-12-03 14:44:28',NULL,1,19.00,NULL,NULL,0,19.00,NULL,NULL,NULL,NULL,NULL,NULL,NULL,NULL,NULL,NULL),(35,'2022-12-03 20:20:25',NULL,1,19.00,NULL,NULL,0,19.00,NULL,NULL,NULL,NULL,NULL,NULL,NULL,NULL,NULL,NULL),(36,'2022-12-06 18:54:05',NULL,4,48.00,NULL,NULL,0,48.00,NULL,NULL,NULL,NULL,NULL,NULL,NULL,NULL,NULL,NULL),(37,'2022-12-06 19:25:40',NULL,3,49.00,NULL,NULL,0,49.00,NULL,NULL,NULL,NULL,NULL,NULL,NULL,NULL,NULL,NULL),(38,'2022-12-06 19:46:33',NULL,7,83.50,NULL,NULL,0,83.50,NULL,NULL,NULL,NULL,NULL,NULL,NULL,NULL,NULL,NULL),(39,'2022-12-06 23:20:21',NULL,1,7.50,NULL,NULL,0,7.50,NULL,NULL,NULL,NULL,NULL,NULL,NULL,NULL,NULL,NULL),(40,'2022-12-06 23:22:53',NULL,1,16.00,NULL,NULL,0,16.00,NULL,NULL,NULL,NULL,NULL,NULL,NULL,NULL,NULL,NULL),(41,'2022-12-07 10:53:01',NULL,2,23.00,NULL,NULL,0,23.00,NULL,NULL,NULL,NULL,NULL,NULL,NULL,NULL,NULL,NULL),(42,'2022-12-07 23:32:01',NULL,1,25.00,NULL,NULL,1,NULL,25.00,NULL,NULL,NULL,NULL,NULL,NULL,NULL,NULL,NULL),(43,'2022-12-07 23:32:26',NULL,1,19.50,NULL,NULL,2,NULL,NULL,19.50,NULL,NULL,NULL,NULL,NULL,NULL,NULL,NULL),(44,'2022-12-07 23:33:13',NULL,1,20.00,NULL,NULL,3,NULL,NULL,NULL,20.00,NULL,NULL,NULL,NULL,NULL,NULL,NULL),(45,'2022-12-07 23:34:25',NULL,1,25.00,NULL,NULL,1,NULL,25.00,NULL,NULL,NULL,NULL,NULL,NULL,NULL,NULL,NULL),(46,'2022-12-08 16:15:01',NULL,1,19.00,NULL,NULL,0,19.00,NULL,NULL,NULL,NULL,NULL,NULL,NULL,NULL,NULL,NULL),(47,'2022-12-08 16:18:03',NULL,1,16.00,NULL,NULL,0,16.00,NULL,NULL,NULL,NULL,NULL,NULL,NULL,NULL,NULL,NULL),(48,'2022-12-08 16:20:02',NULL,1,19.00,NULL,NULL,0,19.00,NULL,NULL,NULL,NULL,NULL,NULL,NULL,NULL,NULL,NULL),(49,'2022-12-08 16:24:21',NULL,1,16.00,NULL,NULL,0,16.00,NULL,NULL,NULL,NULL,NULL,NULL,NULL,NULL,NULL,NULL),(50,'2022-12-08 16:25:10',NULL,1,16.00,NULL,NULL,0,16.00,NULL,NULL,NULL,NULL,NULL,NULL,NULL,NULL,NULL,NULL),(51,'2022-12-08 16:25:37',NULL,1,16.00,NULL,NULL,0,16.00,NULL,NULL,NULL,NULL,NULL,NULL,NULL,NULL,NULL,NULL),(52,'2022-12-08 16:25:55',NULL,1,16.00,NULL,NULL,0,16.00,NULL,NULL,NULL,NULL,NULL,NULL,NULL,NULL,NULL,NULL),(53,'2022-12-08 16:26:25',NULL,1,16.00,NULL,NULL,0,16.00,NULL,NULL,NULL,NULL,NULL,NULL,NULL,NULL,NULL,NULL),(54,'2022-12-08 16:27:55',NULL,1,16.00,NULL,NULL,0,16.00,NULL,NULL,NULL,NULL,NULL,NULL,NULL,NULL,NULL,NULL),(55,'2022-12-08 16:28:23',NULL,1,20.00,NULL,NULL,0,20.00,NULL,NULL,NULL,NULL,NULL,NULL,NULL,NULL,NULL,NULL),(56,'2022-12-08 16:30:42',NULL,1,16.00,NULL,NULL,0,16.00,NULL,NULL,NULL,NULL,NULL,NULL,NULL,NULL,NULL,NULL),(57,'2022-12-08 16:32:18',NULL,1,16.00,NULL,NULL,0,16.00,NULL,NULL,NULL,NULL,NULL,NULL,NULL,NULL,NULL,NULL),(58,'2022-12-08 16:32:33',NULL,1,16.00,NULL,NULL,0,16.00,NULL,NULL,NULL,NULL,NULL,NULL,NULL,NULL,NULL,NULL),(59,'2022-12-08 16:33:16',NULL,1,16.00,NULL,NULL,0,16.00,NULL,NULL,NULL,NULL,NULL,NULL,NULL,NULL,NULL,NULL),(60,'2022-12-08 16:34:53',NULL,1,16.00,NULL,NULL,0,16.00,NULL,NULL,NULL,NULL,NULL,NULL,NULL,NULL,NULL,NULL),(61,'2022-12-08 16:35:47',NULL,1,16.00,NULL,NULL,0,16.00,NULL,NULL,NULL,NULL,NULL,NULL,NULL,NULL,NULL,NULL),(62,'2022-12-08 16:38:18',NULL,1,20.00,NULL,NULL,0,20.00,NULL,NULL,NULL,NULL,NULL,NULL,NULL,NULL,NULL,NULL),(63,'2022-12-08 16:40:01',NULL,1,20.00,NULL,NULL,0,20.00,NULL,NULL,NULL,NULL,NULL,NULL,NULL,NULL,NULL,NULL),(64,'2022-12-08 16:40:53',NULL,1,20.00,NULL,NULL,0,20.00,NULL,NULL,NULL,NULL,NULL,NULL,NULL,NULL,NULL,NULL),(65,'2022-12-08 16:42:12',NULL,1,16.00,NULL,NULL,0,16.00,NULL,NULL,NULL,NULL,NULL,NULL,NULL,NULL,NULL,NULL),(66,'2022-12-08 16:45:07',NULL,1,20.00,NULL,NULL,0,20.00,NULL,NULL,NULL,NULL,NULL,NULL,NULL,NULL,NULL,NULL),(67,'2022-12-08 16:55:09','99999999999',1,16.00,NULL,NULL,0,16.00,NULL,NULL,NULL,NULL,NULL,NULL,NULL,16.00,0.00,NULL),(68,'2022-12-08 17:01:27',NULL,1,16.00,NULL,NULL,0,3.50,5.25,5.50,1.75,NULL,NULL,NULL,NULL,NULL,NULL,NULL),(69,'2022-12-08 19:12:58','22218653087',3,61.00,NULL,NULL,0,61.00,NULL,NULL,NULL,NULL,NULL,NULL,'FULANO ',70.00,9.00,NULL),(70,'2022-12-08 19:20:17',NULL,2,51.50,NULL,NULL,0,51.50,NULL,NULL,NULL,NULL,NULL,NULL,NULL,NULL,NULL,NULL),(71,'2022-12-08 19:23:57','22218653087',3,53.00,NULL,NULL,4,12.00,8.00,5.00,3.00,25.00,NULL,NULL,'FULANO',NULL,NULL,NULL),(72,'2022-12-08 21:15:32',NULL,3,40.00,NULL,NULL,0,40.00,NULL,NULL,NULL,NULL,NULL,NULL,NULL,NULL,NULL,NULL),(73,'2022-12-08 21:19:45',NULL,2,34.00,NULL,NULL,0,34.00,NULL,NULL,NULL,NULL,NULL,NULL,NULL,NULL,NULL,NULL),(74,'2022-12-08 21:41:57',NULL,7,224.00,NULL,NULL,0,100.00,80.00,20.00,20.00,4.00,NULL,NULL,NULL,NULL,NULL,NULL),(75,'2022-12-09 09:08:25',NULL,2,23.00,NULL,NULL,0,23.00,NULL,NULL,NULL,NULL,NULL,NULL,NULL,NULL,NULL,14),(76,'2022-12-09 10:16:24',NULL,4,72.00,NULL,NULL,0,25.00,10.00,10.00,10.00,17.00,NULL,NULL,NULL,NULL,NULL,14),(77,'2022-12-09 10:24:41',NULL,4,61.00,NULL,NULL,0,11.00,10.00,10.00,10.00,20.00,NULL,NULL,NULL,NULL,NULL,14),(78,'2022-12-09 10:30:47',NULL,3,40.00,NULL,NULL,0,40.00,NULL,NULL,NULL,NULL,NULL,NULL,NULL,NULL,NULL,14),(79,'2022-12-09 10:53:12',NULL,2,22.00,NULL,NULL,5,12.00,NULL,NULL,10.00,NULL,NULL,NULL,NULL,NULL,NULL,14),(80,'2022-12-09 10:54:14',NULL,3,46.00,NULL,NULL,0,46.00,NULL,NULL,NULL,NULL,NULL,NULL,NULL,NULL,NULL,14),(81,'2022-12-09 10:54:31',NULL,3,45.00,NULL,NULL,2,NULL,NULL,45.00,NULL,NULL,NULL,NULL,NULL,NULL,NULL,14),(82,'2022-12-09 10:55:13',NULL,3,52.00,NULL,NULL,5,25.00,NULL,27.00,NULL,NULL,NULL,NULL,NULL,NULL,NULL,14),(83,'2022-12-09 11:06:57','22218653087',2,26.00,NULL,NULL,2,NULL,NULL,26.00,NULL,NULL,NULL,NULL,NULL,NULL,NULL,14),(84,'2022-12-09 11:10:10',NULL,2,30.00,NULL,NULL,3,NULL,NULL,NULL,30.00,NULL,NULL,NULL,NULL,NULL,NULL,14),(85,'2022-12-09 20:38:52',NULL,1,16.00,NULL,NULL,0,16.00,NULL,NULL,NULL,NULL,NULL,0,NULL,NULL,NULL,14),(86,'2022-12-09 20:39:09',NULL,3,48.00,NULL,NULL,0,48.00,NULL,NULL,NULL,NULL,NULL,0,NULL,NULL,NULL,14),(87,'2022-12-09 20:50:37',NULL,4,71.00,NULL,NULL,0,71.00,NULL,NULL,NULL,NULL,NULL,0,NULL,NULL,NULL,14),(88,'2022-12-09 20:51:07',NULL,3,45.00,NULL,NULL,0,45.00,NULL,NULL,NULL,NULL,NULL,0,NULL,NULL,NULL,14),(89,'2022-12-12 10:13:06',NULL,1,19.00,NULL,NULL,0,19.00,NULL,NULL,NULL,NULL,NULL,0,NULL,NULL,NULL,15),(90,'2022-12-12 17:29:46',NULL,1,17.00,NULL,NULL,2,NULL,NULL,17.00,NULL,NULL,NULL,0,NULL,NULL,NULL,15),(91,'2022-12-13 19:26:47','22218653087',2,26.00,NULL,NULL,0,26.00,NULL,NULL,NULL,NULL,NULL,0,NULL,30.00,4.00,16),(92,'2022-12-13 19:44:30',NULL,3,55.00,NULL,NULL,0,55.00,NULL,NULL,NULL,NULL,NULL,0,NULL,NULL,NULL,16),(93,'2022-12-13 19:45:30',NULL,2,40.00,NULL,NULL,0,40.00,NULL,NULL,NULL,NULL,NULL,0,NULL,NULL,NULL,16),(94,'2022-12-13 19:57:50',NULL,3,56.00,NULL,NULL,0,56.00,NULL,NULL,NULL,NULL,NULL,0,NULL,60.00,4.00,16),(95,'2022-12-14 15:35:19',NULL,3,43.00,NULL,NULL,0,43.00,NULL,NULL,NULL,NULL,NULL,0,NULL,50.00,7.00,16),(96,'2022-12-15 19:04:40',NULL,1,3.50,NULL,NULL,0,3.50,NULL,NULL,NULL,NULL,NULL,0,NULL,NULL,NULL,17),(97,'2022-12-15 19:32:02',NULL,1,19.00,NULL,NULL,0,19.00,NULL,NULL,NULL,NULL,NULL,0,NULL,NULL,NULL,17),(98,'2022-12-15 19:50:17',NULL,2,28.50,NULL,NULL,0,28.50,NULL,NULL,NULL,NULL,NULL,0,NULL,NULL,NULL,17),(99,'2022-12-15 20:03:13',NULL,4,66.50,NULL,NULL,0,66.50,NULL,NULL,NULL,NULL,NULL,0,NULL,NULL,NULL,17),(100,'2022-12-15 20:08:39',NULL,1,19.00,NULL,NULL,0,19.00,NULL,NULL,NULL,NULL,NULL,0,NULL,NULL,NULL,17),(101,'2022-12-15 20:25:39',NULL,3,55.50,NULL,NULL,0,55.50,NULL,NULL,NULL,NULL,NULL,0,NULL,NULL,NULL,17),(102,'2022-12-18 09:50:39',NULL,1,19.00,NULL,NULL,0,19.00,NULL,NULL,NULL,NULL,NULL,0,NULL,NULL,NULL,18),(103,'2022-12-18 09:51:54',NULL,2,31.00,NULL,NULL,0,31.00,NULL,NULL,NULL,NULL,NULL,0,NULL,NULL,NULL,18),(104,'2022-12-18 11:14:00',NULL,2,37.00,NULL,NULL,0,37.00,NULL,NULL,NULL,NULL,NULL,0,NULL,NULL,NULL,18),(105,'2022-12-19 09:18:03',NULL,2,28.50,NULL,NULL,0,28.50,NULL,NULL,NULL,NULL,NULL,0,NULL,NULL,NULL,18),(106,'2022-12-19 09:46:12',NULL,3,53.00,NULL,NULL,0,53.00,NULL,NULL,NULL,NULL,NULL,0,NULL,NULL,NULL,19),(107,'2022-12-19 10:44:05',NULL,1,31.50,NULL,NULL,0,31.50,NULL,NULL,NULL,NULL,NULL,0,NULL,NULL,NULL,19),(108,'2022-12-19 11:02:39',NULL,1,25.50,NULL,NULL,0,25.50,NULL,NULL,NULL,NULL,NULL,0,NULL,NULL,NULL,19),(109,'2022-12-19 15:20:15',NULL,6,69.00,NULL,NULL,0,69.00,NULL,NULL,NULL,NULL,NULL,0,NULL,NULL,NULL,19),(110,'2022-12-19 15:51:35',NULL,3,56.50,NULL,NULL,0,56.50,NULL,NULL,NULL,NULL,NULL,0,NULL,NULL,NULL,19),(111,'2022-12-19 16:05:18',NULL,3,49.50,NULL,NULL,0,49.50,NULL,NULL,NULL,NULL,NULL,0,NULL,NULL,NULL,19),(112,'2022-12-19 16:08:32',NULL,4,68.00,NULL,NULL,0,68.00,NULL,NULL,NULL,NULL,NULL,0,NULL,NULL,NULL,19),(113,'2022-12-19 16:16:02',NULL,3,49.00,NULL,NULL,0,49.00,NULL,NULL,NULL,NULL,NULL,0,NULL,50.00,1.00,19),(114,'2022-12-19 16:36:17',NULL,3,56.00,NULL,NULL,0,56.00,NULL,NULL,NULL,NULL,NULL,1,NULL,NULL,NULL,19),(115,'2022-12-20 10:09:27',NULL,2,26.50,NULL,NULL,0,26.50,NULL,NULL,NULL,NULL,NULL,0,NULL,NULL,NULL,20),(116,'2022-12-20 14:18:27',NULL,2,26.00,NULL,NULL,0,26.00,NULL,NULL,NULL,NULL,NULL,0,NULL,50.00,24.00,20),(117,'2022-12-20 17:40:53',NULL,2,24.00,NULL,NULL,0,24.00,NULL,NULL,NULL,NULL,NULL,0,NULL,NULL,NULL,20),(118,'2022-12-20 17:42:17',NULL,2,30.00,NULL,NULL,0,30.00,NULL,NULL,NULL,NULL,NULL,0,NULL,NULL,NULL,20),(119,'2022-12-20 17:47:03',NULL,2,30.00,NULL,NULL,0,30.00,NULL,NULL,NULL,NULL,NULL,0,NULL,NULL,NULL,20),(120,'2022-12-20 17:55:03',NULL,3,55.50,NULL,NULL,0,55.50,NULL,NULL,NULL,NULL,NULL,0,NULL,70.00,14.50,20),(121,'2022-12-20 18:37:48',NULL,3,51.00,NULL,NULL,0,51.00,NULL,NULL,NULL,NULL,NULL,0,NULL,NULL,NULL,20),(122,'2022-12-20 18:48:09',NULL,4,69.50,NULL,NULL,0,69.50,NULL,NULL,NULL,NULL,NULL,0,'FULANO DE TAL ',NULL,NULL,20),(123,'2022-12-21 10:12:05',NULL,7,91.00,NULL,NULL,0,91.00,NULL,NULL,NULL,NULL,NULL,0,NULL,NULL,NULL,21),(124,'2022-12-21 15:32:57',NULL,4,65.50,NULL,NULL,0,65.50,NULL,NULL,NULL,NULL,NULL,0,NULL,NULL,NULL,21),(125,'2022-12-22 10:55:55',NULL,4,76.00,NULL,NULL,0,76.00,NULL,NULL,NULL,NULL,NULL,0,NULL,NULL,NULL,22),(126,'2022-12-22 10:58:48',NULL,7,90.50,NULL,NULL,0,90.50,NULL,NULL,NULL,NULL,NULL,0,NULL,NULL,NULL,22),(127,'2022-12-22 11:00:29',NULL,3,47.00,NULL,NULL,0,47.00,NULL,NULL,NULL,NULL,NULL,0,NULL,NULL,NULL,22),(128,'2022-12-22 11:14:29',NULL,3,51.00,NULL,NULL,2,NULL,NULL,51.00,NULL,NULL,NULL,0,'ROGER MOORE',NULL,NULL,22),(129,'2022-12-22 11:22:46',NULL,3,45.00,NULL,NULL,2,NULL,NULL,45.00,NULL,NULL,NULL,0,'MOTOQUEIRO TRANÇA',NULL,NULL,22),(130,'2022-12-22 11:24:57',NULL,2,21.00,NULL,NULL,2,NULL,NULL,21.00,NULL,NULL,NULL,0,'PESSOA X',NULL,NULL,22),(131,'2022-12-22 11:26:59',NULL,2,23.00,NULL,NULL,0,23.00,NULL,NULL,NULL,NULL,NULL,0,NULL,NULL,NULL,22),(132,'2022-12-22 12:49:59',NULL,3,38.00,NULL,NULL,1,NULL,38.00,NULL,NULL,NULL,NULL,0,NULL,NULL,NULL,22),(133,'2022-12-22 13:30:03',NULL,4,69.00,NULL,NULL,0,69.00,NULL,NULL,NULL,NULL,NULL,0,NULL,NULL,NULL,22);
/*!40000 ALTER TABLE `com_pedido` ENABLE KEYS */;
UNLOCK TABLES;

--
-- Table structure for table `com_pedidoitem`
--

DROP TABLE IF EXISTS `com_pedidoitem`;
/*!40101 SET @saved_cs_client     = @@character_set_client */;
/*!50503 SET character_set_client = utf8mb4 */;
CREATE TABLE `com_pedidoitem` (
  `Numero` int(11) NOT NULL COMMENT 'Numero do pedido',
  `NrLcto` int(11) NOT NULL COMMENT 'Nro do lançamento no pedido',
  `TpProd` int(11) DEFAULT NULL COMMENT 'Tipo de produto (1,2,3 ou 4)',
  `CodProd` int(11) DEFAULT NULL COMMENT 'Código do produto',
  `Quant` int(11) DEFAULT NULL,
  `VlrUnitario` decimal(15,2) DEFAULT NULL,
  `Cod01` int(11) DEFAULT NULL COMMENT 'Codigo de EXTRA a ser cobrado, no máximo 3 por pedido',
  `Vlr01` decimal(15,2) DEFAULT NULL COMMENT 'Valor extra a ser cobrado (max. 3 valores)',
  `Cod02` int(11) DEFAULT NULL,
  `Vlr02` decimal(15,2) DEFAULT NULL,
  `Cod03` int(11) DEFAULT NULL,
  `Vlr03` decimal(15,2) DEFAULT NULL,
  `VlrTotal` decimal(15,2) DEFAULT NULL,
  `Extras` char(24) DEFAULT NULL COMMENT 'Indicador de extras.  Tam FIXO 24. 0-Não considerado, 1-Adicionar, 2-Excluir\n',
  `TxtSem` varchar(1024) DEFAULT NULL,
  `TxtMais` varchar(1024) DEFAULT NULL,
  `TxtMenos` varchar(1024) DEFAULT NULL,
  `Observacao` varchar(1024) DEFAULT NULL,
  `EtqImpressa` tinyint(4) DEFAULT NULL COMMENT 'Etiqueta impressa Yes/No',
  `AlteraPreco` tinyint(4) DEFAULT NULL,
  `VlrUnFiscal` decimal(15,2) DEFAULT NULL,
  `Turno` int(11) DEFAULT NULL,
  `Cortado` tinyint(4) DEFAULT NULL COMMENT 'Cortar',
  `Prensado` tinyint(4) DEFAULT NULL,
  PRIMARY KEY (`Numero`,`NrLcto`)
) ENGINE=InnoDB DEFAULT CHARSET=latin1;
/*!40101 SET character_set_client = @saved_cs_client */;

--
-- Dumping data for table `com_pedidoitem`
--

LOCK TABLES `com_pedidoitem` WRITE;
/*!40000 ALTER TABLE `com_pedidoitem` DISABLE KEYS */;
INSERT INTO `com_pedidoitem` VALUES (1,1,1,5,NULL,17.00,0,0.00,0,0.00,0,0.00,17.00,'000000000000000000000000',NULL,'','','',NULL,NULL,NULL,NULL,NULL,NULL),(1,2,1,10,NULL,18.00,13,2.50,0,0.00,0,0.00,20.50,'000000000000100000000000',NULL,'Linguiça calabresa(1X2,50)','','',NULL,NULL,NULL,NULL,NULL,NULL),(1,3,3,3,NULL,7.00,0,0.00,0,0.00,0,0.00,14.00,'000000000000000000000000',NULL,'','','',NULL,NULL,NULL,NULL,NULL,NULL),(2,1,1,6,NULL,19.00,0,0.00,0,0.00,0,0.00,19.00,'000000000000000000000000',NULL,'','','',NULL,NULL,NULL,NULL,NULL,NULL),(2,2,3,3,NULL,7.00,0,0.00,0,0.00,0,0.00,7.00,'000000000000000000000000',NULL,'','','',NULL,NULL,NULL,NULL,NULL,NULL),(3,1,1,7,NULL,16.00,0,0.00,0,0.00,0,0.00,16.00,'000000000000000000000000',NULL,'','','',NULL,NULL,NULL,NULL,NULL,NULL),(3,2,1,10,NULL,18.00,10,3.00,0,0.00,0,0.00,21.00,'000001000200000000000000',NULL,'Molho de queijo(1); Queijo ralado - parmesão 30g(2X1,50)','','',NULL,NULL,NULL,NULL,NULL,NULL),(3,3,3,2,NULL,6.00,0,0.00,0,0.00,0,0.00,18.00,'000000000000000000000000',NULL,'','','',NULL,NULL,NULL,NULL,NULL,NULL),(4,1,1,5,NULL,17.00,0,0.00,0,0.00,0,0.00,17.00,'000000000000000000000000',NULL,'','','',NULL,NULL,NULL,NULL,NULL,NULL),(5,1,1,2,NULL,19.00,0,0.00,0,0.00,0,0.00,19.00,'000000000000000000000000',NULL,'','','',NULL,NULL,NULL,NULL,NULL,NULL),(6,1,1,10,NULL,18.00,0,0.00,0,0.00,0,0.00,18.00,'000110000000000000000000',NULL,'Molho de tomate(1); Queijo(1)','','',NULL,NULL,NULL,NULL,NULL,NULL),(6,2,3,2,NULL,6.00,0,0.00,0,0.00,0,0.00,6.00,'000000000000000000000000',NULL,'','','',NULL,NULL,NULL,NULL,NULL,NULL),(7,1,1,10,NULL,18.00,0,0.00,0,0.00,0,0.00,18.00,'000000000000000000000000',NULL,'','','',NULL,NULL,NULL,NULL,NULL,NULL),(7,2,1,9,NULL,16.00,0,0.00,0,0.00,0,0.00,16.00,'000100000000000000000000',NULL,'Molho de tomate(1)','','',NULL,NULL,NULL,NULL,NULL,NULL),(7,3,3,1,NULL,5.00,0,0.00,0,0.00,0,0.00,10.00,'000000000000000000000000',NULL,'','','',NULL,NULL,NULL,NULL,NULL,NULL),(8,1,1,11,NULL,20.00,23,2.50,0,0.00,0,0.00,22.50,'000000000000000000000010',NULL,'Linguiça calabresa(1X2,50)','','',NULL,NULL,NULL,NULL,NULL,NULL),(8,2,3,3,NULL,7.00,0,0.00,0,0.00,0,0.00,7.00,'000000000000000000000000',NULL,'','','',NULL,NULL,NULL,NULL,NULL,NULL),(9,1,1,3,NULL,21.00,0,0.00,0,0.00,0,0.00,21.00,'000000000000000000000000',NULL,'','','',NULL,NULL,NULL,NULL,NULL,NULL),(10,1,1,6,NULL,19.00,0,0.00,0,0.00,0,0.00,19.00,'000000000000000000000000',NULL,'','','',NULL,NULL,NULL,NULL,NULL,NULL),(10,2,3,2,NULL,6.00,0,0.00,0,0.00,0,0.00,6.00,'000000000000000000000000',NULL,'','','',NULL,NULL,NULL,NULL,NULL,NULL),(11,1,1,9,NULL,16.00,22,2.50,0,0.00,0,0.00,18.50,'001010000000000000000100',NULL,'Katchup(1); Queijo(1); Salsicha(1X2,50)','','',NULL,NULL,NULL,NULL,NULL,NULL),(11,2,3,3,NULL,7.00,0,0.00,0,0.00,0,0.00,7.00,'000000000000000000000000',NULL,'','','',NULL,NULL,NULL,NULL,NULL,NULL),(12,1,1,3,NULL,21.00,20,1.50,0,0.00,0,0.00,22.50,'000000000000000000010000',NULL,'Queijo ralado - parmesão 30g(1X1,50)','','',NULL,NULL,NULL,NULL,NULL,NULL),(12,2,1,7,NULL,16.00,0,0.00,0,0.00,0,0.00,16.00,'00X0X0000000000000000000',NULL,'','Katchup; Queijo','',NULL,NULL,NULL,NULL,NULL,NULL),(12,3,3,3,NULL,7.00,0,0.00,0,0.00,0,0.00,14.00,'000000000000000000000000',NULL,'','','',NULL,NULL,NULL,NULL,NULL,NULL),(13,1,1,6,NULL,19.00,20,1.50,22,2.50,0,0.00,23.00,'X00000000000000000010100',NULL,'Queijo ralado - parmesão 30g(1X1,50); Salsicha(1X2,50)','Batata palha','',NULL,NULL,NULL,NULL,NULL,NULL),(13,2,1,2,NULL,19.00,0,0.00,0,0.00,0,0.00,19.00,'10X000000000000000000000',NULL,'Batata palha(1)','Katchup','',NULL,NULL,NULL,NULL,NULL,NULL),(13,3,3,1,NULL,5.00,0,0.00,0,0.00,0,0.00,5.00,'000000000000000000000000',NULL,'','','',NULL,NULL,NULL,NULL,NULL,NULL),(14,1,1,2,NULL,19.00,0,0.00,0,0.00,0,0.00,19.00,'000000000000000000000000',NULL,'','','',NULL,NULL,NULL,NULL,NULL,NULL),(14,2,1,9,NULL,16.00,0,0.00,0,0.00,0,0.00,16.00,'000000000000000000000000',NULL,'','','',NULL,NULL,NULL,NULL,NULL,NULL),(14,3,1,9,NULL,16.00,0,0.00,0,0.00,0,0.00,16.00,'000000000000000000000000',NULL,'','','',NULL,NULL,NULL,NULL,NULL,NULL),(14,4,1,7,NULL,16.00,0,0.00,0,0.00,0,0.00,16.00,'000000000000000000000000',NULL,'','','',NULL,NULL,NULL,NULL,NULL,NULL),(14,5,1,11,NULL,20.00,0,0.00,0,0.00,0,0.00,20.00,'000000000000000000000000',NULL,'','','',NULL,NULL,NULL,NULL,NULL,NULL),(14,6,1,10,NULL,18.00,0,0.00,0,0.00,0,0.00,18.00,'000000000000000000000000',NULL,'','','',NULL,NULL,NULL,NULL,NULL,NULL),(14,7,1,1,NULL,25.00,0,0.00,0,0.00,0,0.00,25.00,'000000000000000000000000',NULL,'','','',NULL,NULL,NULL,NULL,NULL,NULL),(15,1,1,6,NULL,19.00,22,2.50,0,0.00,0,0.00,21.50,'000000000000000000000100',NULL,'Salsicha(1X2,50)','','',NULL,NULL,NULL,NULL,NULL,NULL),(15,2,3,3,NULL,7.00,0,0.00,0,0.00,0,0.00,14.00,'000000000000000000000000',NULL,'','','',NULL,NULL,NULL,NULL,NULL,NULL),(16,1,1,5,NULL,17.00,0,0.00,0,0.00,0,0.00,17.00,'000000000000000000000000',NULL,'','','',NULL,NULL,NULL,NULL,NULL,NULL),(17,1,1,6,NULL,19.00,0,0.00,0,0.00,0,0.00,19.00,'000000000000000000000000',NULL,'','','',NULL,NULL,NULL,NULL,NULL,NULL),(17,2,1,5,NULL,17.00,0,0.00,0,0.00,0,0.00,17.00,'000000000000000000000000',NULL,'','','',NULL,NULL,NULL,NULL,NULL,NULL),(17,3,1,9,NULL,16.00,22,2.50,0,0.00,0,0.00,18.50,'000000000000000000000100',NULL,'Salsicha(1X2,50)','','',NULL,NULL,NULL,NULL,NULL,NULL),(17,4,1,6,NULL,19.00,0,0.00,0,0.00,0,0.00,19.00,'000000000000000000000000',NULL,'','','',NULL,NULL,NULL,NULL,NULL,NULL),(17,5,3,2,NULL,6.00,0,0.00,0,0.00,0,0.00,24.00,'000000000000000000000000',NULL,'','','',NULL,NULL,NULL,NULL,NULL,NULL),(18,1,1,2,NULL,19.00,0,0.00,0,0.00,0,0.00,19.00,'101000000000000000000000',NULL,'Batata palha(1); Katchup(1)','','',NULL,NULL,NULL,NULL,NULL,NULL),(18,2,1,11,NULL,20.00,0,0.00,0,0.00,0,0.00,20.00,'000000000000000000000000',NULL,'','','',NULL,NULL,NULL,NULL,NULL,NULL),(18,3,3,2,NULL,6.00,0,0.00,0,0.00,0,0.00,12.00,'000000000000000000000000',NULL,'','','',NULL,NULL,NULL,NULL,NULL,NULL),(20,1,1,3,NULL,21.00,0,0.00,0,0.00,0,0.00,21.00,'000001X00000000000000000',NULL,'Molho de queijo(1)','Ervilha','',NULL,NULL,NULL,NULL,NULL,NULL),(20,2,1,6,NULL,19.00,0,0.00,0,0.00,0,0.00,19.00,'010000000000000000000000',NULL,'Mostarda Amarela(1)','','',NULL,NULL,NULL,NULL,NULL,NULL),(20,3,3,2,NULL,6.00,0,0.00,0,0.00,0,0.00,24.00,'000000000000000000000000',NULL,'','','',NULL,NULL,NULL,NULL,NULL,NULL),(20,4,3,1,NULL,5.00,0,0.00,0,0.00,0,0.00,5.00,'000000000000000000000000',NULL,'','','',NULL,NULL,NULL,NULL,NULL,NULL),(20,5,3,3,NULL,7.00,0,0.00,0,0.00,0,0.00,7.00,'000000000000000000000000',NULL,'','','',NULL,NULL,NULL,NULL,NULL,NULL),(21,1,1,6,NULL,19.00,0,0.00,0,0.00,0,0.00,19.00,'000000000000000000000000',NULL,'','','',NULL,NULL,NULL,NULL,NULL,NULL),(21,2,1,9,NULL,16.00,0,0.00,0,0.00,0,0.00,16.00,'000000000000000000000000',NULL,'','','',NULL,NULL,NULL,NULL,NULL,NULL),(21,3,3,2,NULL,6.00,0,0.00,0,0.00,0,0.00,12.00,'000000000000000000000000',NULL,'','','',NULL,NULL,NULL,NULL,NULL,NULL),(22,1,1,6,NULL,19.00,0,0.00,0,0.00,0,0.00,19.00,'000000000000000000000000',NULL,'','','',NULL,NULL,NULL,NULL,NULL,NULL),(23,1,1,7,NULL,16.00,0,0.00,0,0.00,0,0.00,16.00,'000000000000000000000000',NULL,'','','',NULL,NULL,NULL,NULL,NULL,NULL),(23,2,1,5,NULL,17.00,0,0.00,0,0.00,0,0.00,17.00,'000000000000000000000000',NULL,'','','',NULL,NULL,NULL,NULL,NULL,NULL),(23,3,1,11,NULL,20.00,0,0.00,0,0.00,0,0.00,20.00,'000000000000000000000000',NULL,'','','',NULL,NULL,NULL,NULL,NULL,NULL),(23,4,3,2,NULL,6.00,0,0.00,0,0.00,0,0.00,18.00,'000000000000000000000000',NULL,'','','',NULL,NULL,NULL,NULL,NULL,NULL),(24,1,1,7,NULL,16.00,0,0.00,0,0.00,0,0.00,16.00,'000000000000000000000000',NULL,'','','',NULL,NULL,NULL,NULL,NULL,NULL),(25,1,1,7,NULL,16.00,0,0.00,0,0.00,0,0.00,16.00,'000000000000000000000000',NULL,'','','',NULL,NULL,NULL,NULL,NULL,NULL),(26,1,1,7,NULL,16.00,0,0.00,0,0.00,0,0.00,16.00,'000000000000000000000000',NULL,'','','',NULL,NULL,NULL,NULL,NULL,NULL),(26,2,1,7,NULL,16.00,0,0.00,0,0.00,0,0.00,16.00,'000000000000000000000000',NULL,'','','',NULL,NULL,NULL,NULL,NULL,NULL),(27,1,1,7,NULL,16.00,0,0.00,0,0.00,0,0.00,16.00,'000000000000000000000000',NULL,'','','',NULL,NULL,NULL,NULL,NULL,NULL),(28,1,1,5,NULL,17.00,0,0.00,0,0.00,0,0.00,17.00,'000000000000000000000000',NULL,'','','',NULL,NULL,NULL,NULL,NULL,NULL),(29,1,1,6,NULL,19.00,0,0.00,0,0.00,0,0.00,19.00,'000000000000000000000000',NULL,'','','',NULL,NULL,NULL,NULL,NULL,NULL),(29,2,1,7,NULL,16.00,22,2.50,0,0.00,0,0.00,18.50,'000000000000000000000100',NULL,'Salsicha(1X2,50)','','',NULL,NULL,NULL,NULL,NULL,NULL),(31,1,1,7,NULL,16.00,0,0.00,0,0.00,0,0.00,16.00,'.+.0-...................','Sem Molho de tomate ','+ Mostarda Amarela ','- Queijo ','',0,NULL,NULL,NULL,NULL,NULL),(32,1,1,5,NULL,17.00,0,0.00,0,0.00,0,0.00,17.00,'--..00+............1....','Queijo Molho de queijo ','Ervilha Queijo ralado - parmesão 30g(1X1,50) ','Batata palha Mostarda Amarela ','',0,NULL,NULL,NULL,NULL,NULL),(33,1,1,6,NULL,19.00,0,0.00,0,0.00,0,0.00,19.00,'...-.0+.................','Molho de queijo; ','Ervilha; ','Molho de tomate; ','',0,NULL,NULL,NULL,NULL,NULL),(33,2,1,3,NULL,21.00,0,0.00,0,0.00,0,0.00,21.00,'0.0..-..................','Batata palha; Katchup; ','','Molho de queijo; ','',0,NULL,NULL,NULL,NULL,NULL),(33,3,3,2,NULL,6.00,0,0.00,0,0.00,0,0.00,12.00,'000000000000000000000000','','','','',0,NULL,NULL,NULL,NULL,NULL),(34,1,1,6,NULL,19.00,0,0.00,0,0.00,0,0.00,19.00,'+--.00..................','Queijo; Molho de queijo; ','Batata palha; ','Mostarda Amarela; Katchup; ','Carne BEM passada\r\nnao esquecer de coar\r\n',0,NULL,NULL,NULL,NULL,NULL),(35,1,1,6,NULL,19.00,0,0.00,0,0.00,0,0.00,19.00,'........................','','','','nao colocar azeitonas\r\n',0,NULL,NULL,NULL,NULL,NULL),(36,1,3,4,NULL,10.00,0,0.00,0,0.00,0,0.00,10.00,'000000000000000000000000','','','','',0,NULL,NULL,NULL,NULL,NULL),(36,2,3,2,NULL,6.00,0,0.00,0,0.00,0,0.00,6.00,'000000000000000000000000','','','','',0,NULL,NULL,NULL,NULL,NULL),(36,3,1,7,NULL,16.00,0,0.00,0,0.00,0,0.00,16.00,'........................','','','','',0,NULL,NULL,NULL,NULL,NULL),(36,4,1,7,NULL,16.00,0,0.00,0,0.00,0,0.00,16.00,'..0.....................','Katchup; ','','','',0,NULL,NULL,NULL,NULL,NULL),(37,1,1,6,NULL,19.00,0,0.00,0,0.00,0,0.00,19.00,'00.-....................','Batata palha; Mostarda Amarela; ','','Molho de tomate; ','',0,NULL,NULL,NULL,NULL,NULL),(37,2,1,12,NULL,20.00,0,0.00,0,0.00,0,0.00,20.00,'........................','','','','',0,NULL,NULL,NULL,NULL,NULL),(37,3,3,4,NULL,10.00,0,0.00,0,0.00,0,0.00,10.00,'000000000000000000000000','','','','',0,NULL,NULL,NULL,NULL,NULL),(38,1,3,4,NULL,10.00,0,0.00,0,0.00,0,0.00,10.00,'000000000000000000000000','','','','',0,NULL,NULL,NULL,NULL,NULL),(38,2,3,5,NULL,6.50,0,0.00,0,0.00,0,0.00,6.50,'000000000000000000000000','','','','',0,NULL,NULL,NULL,NULL,NULL),(38,3,3,1,NULL,5.00,0,0.00,0,0.00,0,0.00,10.00,'000000000000000000000000','','','','',0,NULL,NULL,NULL,NULL,NULL),(38,4,3,2,NULL,6.00,0,0.00,0,0.00,0,0.00,6.00,'000000000000000000000000','','','','',0,NULL,NULL,NULL,NULL,NULL),(38,5,3,3,NULL,7.00,0,0.00,0,0.00,0,0.00,7.00,'000000000000000000000000','','','','',0,NULL,NULL,NULL,NULL,NULL),(38,6,1,6,NULL,19.00,0,0.00,0,0.00,0,0.00,19.00,'........................','','','','',0,NULL,NULL,NULL,NULL,NULL),(38,7,1,1,NULL,25.00,0,0.00,0,0.00,0,0.00,25.00,'........................','','','','',0,NULL,NULL,NULL,NULL,NULL),(39,1,1,13,NULL,5.00,22,2.50,0,0.00,0,0.00,7.50,'...+.................1..','','Molho de tomate; Salsicha(1X2,50);','','',0,NULL,NULL,NULL,NULL,NULL),(40,1,1,7,NULL,16.00,0,0.00,0,0.00,0,0.00,16.00,'........................','','','','',0,NULL,NULL,NULL,NULL,NULL),(41,1,1,11,NULL,18.00,0,0.00,0,0.00,0,0.00,18.00,'..+0.+..................','Molho de tomate; ','Katchup; Molho de queijo; ','','',0,NULL,NULL,NULL,NULL,NULL),(41,2,3,1,NULL,5.00,0,0.00,0,0.00,0,0.00,5.00,'000000000000000000000000','','','','',0,NULL,NULL,NULL,NULL,NULL),(42,1,1,1,NULL,25.00,0,0.00,0,0.00,0,0.00,25.00,'........................','','','','',0,NULL,NULL,NULL,NULL,NULL),(43,1,1,5,NULL,17.00,22,2.50,0,0.00,0,0.00,19.50,'.....................1..','','Salsicha(1X2,50);','','',0,NULL,NULL,NULL,NULL,NULL),(44,1,1,8,NULL,20.00,0,0.00,0,0.00,0,0.00,20.00,'........................','','','','',0,NULL,NULL,NULL,NULL,NULL),(45,1,1,1,NULL,25.00,0,0.00,0,0.00,0,0.00,25.00,'........................','','','','',0,NULL,NULL,NULL,NULL,NULL),(46,1,1,6,NULL,19.00,0,0.00,0,0.00,0,0.00,19.00,'........................','','','','',0,NULL,NULL,NULL,NULL,NULL),(47,1,1,7,NULL,16.00,0,0.00,0,0.00,0,0.00,16.00,'........................','','','','',0,NULL,NULL,NULL,NULL,NULL),(48,1,1,6,NULL,19.00,0,0.00,0,0.00,0,0.00,19.00,'........................','','','','',0,NULL,NULL,NULL,NULL,NULL),(49,1,1,7,NULL,16.00,0,0.00,0,0.00,0,0.00,16.00,'........................','','','','',0,NULL,NULL,NULL,NULL,NULL),(50,1,1,7,NULL,16.00,0,0.00,0,0.00,0,0.00,16.00,'........................','','','','',0,NULL,NULL,NULL,NULL,NULL),(51,1,1,7,NULL,16.00,0,0.00,0,0.00,0,0.00,16.00,'........................','','','','',0,NULL,NULL,NULL,NULL,NULL),(52,1,1,7,NULL,16.00,0,0.00,0,0.00,0,0.00,16.00,'........................','','','','',0,NULL,NULL,NULL,NULL,NULL),(53,1,1,7,NULL,16.00,0,0.00,0,0.00,0,0.00,16.00,'........................','','','','',0,NULL,NULL,NULL,NULL,NULL),(54,1,1,7,NULL,16.00,0,0.00,0,0.00,0,0.00,16.00,'........................','','','','',0,NULL,NULL,NULL,NULL,NULL),(55,1,1,8,NULL,20.00,0,0.00,0,0.00,0,0.00,20.00,'........................','','','','',0,NULL,NULL,NULL,NULL,NULL),(56,1,1,7,NULL,16.00,0,0.00,0,0.00,0,0.00,16.00,'........................','','','','',0,NULL,NULL,NULL,NULL,NULL),(57,1,1,7,NULL,16.00,0,0.00,0,0.00,0,0.00,16.00,'........................','','','','',0,NULL,NULL,NULL,NULL,NULL),(58,1,1,7,NULL,16.00,0,0.00,0,0.00,0,0.00,16.00,'........................','','','','',0,NULL,NULL,NULL,NULL,NULL),(59,1,1,7,NULL,16.00,0,0.00,0,0.00,0,0.00,16.00,'........................','','','','',0,NULL,NULL,NULL,NULL,NULL),(60,1,1,7,NULL,16.00,0,0.00,0,0.00,0,0.00,16.00,'........................','','','','',0,NULL,NULL,NULL,NULL,NULL),(61,1,1,7,NULL,16.00,0,0.00,0,0.00,0,0.00,16.00,'........................','','','','',0,NULL,NULL,NULL,NULL,NULL),(62,1,1,8,NULL,20.00,0,0.00,0,0.00,0,0.00,20.00,'.....................0..','Salsicha; ','','','',0,NULL,NULL,NULL,NULL,NULL),(63,1,1,8,NULL,20.00,0,0.00,0,0.00,0,0.00,20.00,'........................','','','','',0,NULL,NULL,NULL,NULL,NULL),(64,1,1,8,NULL,20.00,0,0.00,0,0.00,0,0.00,20.00,'........................','','','','',0,NULL,NULL,NULL,NULL,NULL),(65,1,1,7,NULL,16.00,0,0.00,0,0.00,0,0.00,16.00,'...0....................','Molho de tomate; ','','','',0,NULL,NULL,NULL,NULL,NULL),(66,1,1,8,NULL,20.00,0,0.00,0,0.00,0,0.00,20.00,'........................','','','','',0,NULL,NULL,NULL,NULL,NULL),(67,1,1,7,NULL,16.00,0,0.00,0,0.00,0,0.00,16.00,'........................','','','','',0,NULL,NULL,NULL,NULL,NULL),(68,1,1,7,NULL,16.00,0,0.00,0,0.00,0,0.00,16.00,'........................','','','','',0,NULL,NULL,NULL,NULL,NULL),(69,1,1,10,1,16.00,0,0.00,0,0.00,0,0.00,16.00,'........................','','','','',0,NULL,16.00,NULL,NULL,NULL),(69,2,1,1,1,25.00,0,0.00,0,0.00,0,0.00,25.00,'........................','','','','',0,NULL,25.00,NULL,NULL,NULL),(69,3,3,4,2,10.00,0,0.00,0,0.00,0,0.00,20.00,'000000000000000000000000','','','','',0,NULL,10.00,NULL,NULL,NULL),(70,1,1,1,1,25.00,22,2.50,0,0.00,0,0.00,27.50,'.....................1..','','Salsicha(1X2,50);','','',0,NULL,27.50,NULL,NULL,NULL),(70,2,1,2,1,19.00,22,2.50,23,2.50,0,0.00,24.00,'.....................11.','','Salsicha(1X2,50);Linguiça calabresa(1X2,50);','','',0,NULL,24.00,NULL,NULL,NULL),(71,1,1,11,1,18.00,0,0.00,0,0.00,0,0.00,18.00,'........................','','','','',0,NULL,18.00,NULL,NULL,NULL),(71,2,1,3,1,21.00,0,0.00,0,0.00,0,0.00,21.00,'........................','','','','',0,NULL,21.00,NULL,NULL,NULL),(71,3,3,3,2,7.00,0,0.00,0,0.00,0,0.00,14.00,'000000000000000000000000','','','','',0,NULL,7.00,NULL,NULL,NULL),(72,1,1,11,1,18.00,0,0.00,0,0.00,0,0.00,18.00,'........................','','','','',0,NULL,18.00,NULL,NULL,NULL),(72,2,1,10,1,16.00,0,0.00,0,0.00,0,0.00,16.00,'........................','','','','',0,NULL,16.00,NULL,NULL,NULL),(72,3,1,13,1,6.00,0,0.00,0,0.00,0,0.00,6.00,'.+0.....................','Katchup; ','Mostarda Amarela; ','','',0,NULL,6.00,NULL,NULL,NULL),(73,1,1,11,1,18.00,0,0.00,0,0.00,0,0.00,18.00,'........................','','','','',0,NULL,18.00,NULL,NULL,NULL),(73,2,1,10,1,16.00,0,0.00,0,0.00,0,0.00,16.00,'........................','','','','',0,NULL,16.00,NULL,NULL,NULL),(74,1,3,5,2,6.50,0,0.00,0,0.00,0,0.00,13.00,'........................','','','','',0,NULL,6.50,NULL,NULL,NULL),(74,2,3,7,2,6.00,0,0.00,0,0.00,0,0.00,12.00,'........................','','','','',0,NULL,6.00,NULL,NULL,NULL),(74,3,3,1,3,5.00,0,0.00,0,0.00,0,0.00,15.00,'........................','','','','',0,NULL,5.00,NULL,NULL,NULL),(74,4,3,2,27,6.00,0,0.00,0,0.00,0,0.00,162.00,'........................','','','','',0,NULL,6.00,NULL,NULL,NULL),(74,5,3,3,1,7.00,0,0.00,0,0.00,0,0.00,7.00,'........................','','','','',0,NULL,7.00,NULL,NULL,NULL),(74,6,3,4,1,10.00,0,0.00,0,0.00,0,0.00,10.00,'........................','','','','',0,NULL,10.00,NULL,NULL,NULL),(74,7,3,6,1,5.00,0,0.00,0,0.00,0,0.00,5.00,'........................','','','','',0,NULL,5.00,NULL,NULL,NULL),(75,1,3,3,1,7.00,0,0.00,0,0.00,0,0.00,7.00,'........................','','','','',0,NULL,7.00,14,NULL,NULL),(75,2,1,7,1,16.00,0,0.00,0,0.00,0,0.00,16.00,'........................','','','','',1,NULL,16.00,14,NULL,NULL),(76,1,1,5,1,17.00,0,0.00,0,0.00,0,0.00,17.00,'........................','','','','',1,NULL,17.00,14,NULL,NULL),(76,2,1,10,1,16.00,0,0.00,0,0.00,0,0.00,16.00,'........................','','','','',9,NULL,16.00,14,NULL,NULL),(76,3,1,11,1,18.00,0,0.00,0,0.00,0,0.00,18.00,'....00..................','Queijo; Molho de queijo; ','','','',1,NULL,18.00,14,NULL,NULL),(76,4,3,3,3,7.00,0,0.00,0,0.00,0,0.00,21.00,'........................','','','','',0,NULL,7.00,14,NULL,NULL),(77,1,1,5,1,17.00,0,0.00,0,0.00,0,0.00,17.00,'........................','','','','',1,NULL,17.00,14,NULL,NULL),(77,2,1,5,1,17.00,0,0.00,0,0.00,0,0.00,17.00,'........................','','','','',1,NULL,17.00,14,NULL,NULL),(77,3,1,5,1,17.00,0,0.00,0,0.00,0,0.00,17.00,'........................','','','','',1,NULL,17.00,14,NULL,NULL),(77,4,3,4,1,10.00,0,0.00,0,0.00,0,0.00,10.00,'........................','','','','',0,NULL,10.00,14,NULL,NULL),(78,1,1,11,1,18.00,0,0.00,0,0.00,0,0.00,18.00,'........................','','','','',1,NULL,18.00,14,NULL,NULL),(78,2,1,10,1,16.00,0,0.00,0,0.00,0,0.00,16.00,'........................','','','','',1,NULL,16.00,14,NULL,NULL),(78,3,3,7,1,6.00,0,0.00,0,0.00,0,0.00,6.00,'........................','','','','',0,NULL,6.00,14,NULL,NULL),(79,1,1,10,1,16.00,0,0.00,0,0.00,0,0.00,16.00,'........................','','','','',1,NULL,16.00,14,NULL,NULL),(79,2,3,2,1,6.00,0,0.00,0,0.00,0,0.00,6.00,'........................','','','','',0,NULL,6.00,14,NULL,NULL),(80,1,1,7,1,16.00,0,0.00,0,0.00,0,0.00,16.00,'........................','','','','',0,NULL,16.00,14,NULL,NULL),(80,2,1,10,1,16.00,0,0.00,0,0.00,0,0.00,16.00,'.000....................','Mostarda Amarela; Katchup; Molho de tomate; ','','','',1,NULL,16.00,14,NULL,NULL),(80,3,3,3,2,7.00,0,0.00,0,0.00,0,0.00,14.00,'........................','','','','',0,NULL,7.00,14,NULL,NULL),(81,1,1,6,1,19.00,0,0.00,0,0.00,0,0.00,19.00,'........................','','','','',0,NULL,19.00,14,NULL,NULL),(81,2,1,7,1,16.00,0,0.00,0,0.00,0,0.00,16.00,'........................','','','','',0,NULL,16.00,14,NULL,NULL),(81,3,3,4,1,10.00,0,0.00,0,0.00,0,0.00,10.00,'........................','','','','',0,NULL,10.00,14,NULL,NULL),(82,1,1,6,1,19.00,0,0.00,0,0.00,0,0.00,19.00,'........................','','','','',0,NULL,19.00,14,NULL,NULL),(82,2,1,3,1,21.00,0,0.00,0,0.00,0,0.00,21.00,'0000....................','Batata palha; Mostarda Amarela; Katchup; Molho de tomate; ','','','',1,NULL,21.00,14,NULL,NULL),(82,3,3,2,2,6.00,0,0.00,0,0.00,0,0.00,12.00,'........................','','','','',0,NULL,6.00,14,NULL,NULL),(83,1,1,6,1,19.00,0,0.00,0,0.00,0,0.00,19.00,'........................','','','','',1,NULL,19.00,14,NULL,NULL),(83,3,3,3,1,7.00,0,0.00,0,0.00,0,0.00,7.00,'........................','','','','',0,NULL,7.00,14,NULL,NULL),(84,1,1,8,1,20.00,0,0.00,0,0.00,0,0.00,20.00,'..000.0.................','Katchup; Molho de tomate; Queijo; Ervilha; ','','','',0,NULL,20.00,14,NULL,NULL),(84,2,3,4,1,10.00,0,0.00,0,0.00,0,0.00,10.00,'........................','','','','',0,NULL,10.00,14,NULL,NULL),(85,1,1,7,1,16.00,0,0.00,0,0.00,0,0.00,16.00,'........................','','','','',0,NULL,16.00,14,NULL,NULL),(86,1,1,10,1,16.00,0,0.00,0,0.00,0,0.00,16.00,'........................','','','','',1,NULL,16.00,14,NULL,NULL),(86,2,1,8,1,20.00,0,0.00,0,0.00,0,0.00,20.00,'........................','','','','',0,NULL,20.00,14,NULL,NULL),(86,3,3,2,2,6.00,0,0.00,0,0.00,0,0.00,12.00,'........................','','','','',0,NULL,6.00,14,NULL,NULL),(87,1,1,1,1,25.00,0,0.00,0,0.00,0,0.00,25.00,'........................','','','','',1,NULL,25.00,14,NULL,NULL),(87,2,3,4,1,10.00,0,0.00,0,0.00,0,0.00,10.00,'........................','','','','',0,NULL,10.00,14,NULL,NULL),(87,3,1,12,1,20.00,0,0.00,0,0.00,0,0.00,20.00,'........................','','','','',1,NULL,20.00,14,NULL,NULL),(87,4,1,10,1,16.00,0,0.00,0,0.00,0,0.00,16.00,'........................','','','','',0,NULL,16.00,14,NULL,NULL),(88,1,1,7,1,16.00,0,0.00,0,0.00,0,0.00,16.00,'........................','','','','',0,NULL,16.00,14,NULL,NULL),(88,2,1,7,1,16.00,0,0.00,0,0.00,0,0.00,16.00,'...00...................','Molho de tomate; Queijo; ','','','',1,NULL,16.00,14,NULL,NULL),(88,3,3,5,2,6.50,0,0.00,0,0.00,0,0.00,13.00,'........................','','','','',0,NULL,6.50,14,NULL,NULL),(89,1,1,2,1,19.00,0,0.00,0,0.00,0,0.00,19.00,'+000-0-.................','Mostarda Amarela; Katchup; Molho de tomate; Molho de queijo; ','Batata palha; ','Queijo; Ervilha; ','Entregar para o fulano de tal, que vem buscar.  Lanche já pago\r\n',0,NULL,19.00,15,NULL,NULL),(90,1,1,5,1,17.00,0,0.00,0,0.00,0,0.00,17.00,'00+++--.................','Batata palha; Mostarda Amarela; ','Katchup; Molho de tomate; Queijo; ','Molho de queijo; Ervilha; ','Entregar após as 18:00 para o Sr.Fulano de Tal que vem buscar.  O pedido já está pago, com Cartão de Crédito',0,NULL,17.00,15,NULL,NULL),(91,1,1,10,1,16.00,0,0.00,0,0.00,0,0.00,16.00,'........................','','','','',0,NULL,16.00,16,NULL,NULL),(91,2,3,4,1,10.00,0,0.00,0,0.00,0,0.00,10.00,'........................','','','','',0,NULL,10.00,16,NULL,NULL),(92,1,1,7,1,16.00,0,0.00,0,0.00,0,0.00,16.00,'..00..0.................','Katchup; Molho de tomate; Ervilha; ','','','',0,NULL,16.00,16,NULL,NULL),(92,2,1,1,1,25.00,0,0.00,0,0.00,0,0.00,25.00,'....++..................','','Queijo; Molho de queijo; ','','',1,NULL,25.00,16,NULL,NULL),(92,3,3,3,2,7.00,0,0.00,0,0.00,0,0.00,14.00,'........................','','','','',0,NULL,7.00,16,NULL,NULL),(93,1,1,12,1,20.00,21,1.50,22,2.50,0,0.00,24.00,'....................11..','','Queijo Cheddar(1X1,50);Salsicha(1X2,50);','','',1,NULL,24.00,16,NULL,NULL),(93,2,1,10,1,16.00,0,0.00,0,0.00,0,0.00,16.00,'........................','','','','',1,NULL,16.00,16,NULL,NULL),(94,1,1,1,1,25.00,0,0.00,0,0.00,0,0.00,25.00,'+.00.-0.................','Katchup; Molho de tomate; Ervilha; ','Batata palha; ','Molho de queijo; ','',0,NULL,25.00,16,NULL,NULL),(94,2,1,2,1,19.00,0,0.00,0,0.00,0,0.00,19.00,'.-00.+..................','Katchup; Molho de tomate; ','Molho de queijo; ','Mostarda Amarela; ','levar talheres\r\n',1,NULL,19.00,16,NULL,NULL),(94,3,3,7,2,6.00,0,0.00,0,0.00,0,0.00,12.00,'........................','','','','',0,NULL,6.00,16,NULL,NULL),(95,1,1,5,1,17.00,0,0.00,0,0.00,0,0.00,17.00,'+.0.-...................','Katchup; ','Batata palha; ','Queijo; ','jhjxcnkcxnkvxcnk\r\ncoortado\r\n',0,NULL,17.00,16,NULL,NULL),(95,2,1,7,1,16.00,0,0.00,0,0.00,0,0.00,16.00,'........................','','','','',0,NULL,16.00,16,NULL,NULL),(95,3,3,4,1,10.00,0,0.00,0,0.00,0,0.00,10.00,'........................','','','','',0,NULL,10.00,16,NULL,NULL),(96,1,1,13,1,3.50,0,0.00,0,0.00,0,0.00,3.50,'........................','','','','',0,NULL,3.50,17,NULL,NULL),(97,1,1,6,1,19.00,0,0.00,0,0.00,0,0.00,19.00,'+...0-..................','Queijo; ','Batata palha; ','Molho de queijo; ','',0,0,19.00,17,1,1),(98,1,1,7,1,16.00,22,2.50,0,0.00,0,0.00,18.50,'++00--...............1..','Katchup; Molho de tomate; ','Batata palha; Mostarda Amarela; Salsicha(1X2,50);','Queijo; Molho de queijo; ','Acrescentar MAIS alho\r\n',0,0,18.50,17,1,1),(98,2,3,4,1,10.00,0,0.00,0,0.00,0,0.00,10.00,'........................','','','','',0,0,10.00,17,0,0),(99,1,1,6,1,19.00,22,2.50,0,0.00,0,0.00,21.50,'++00--...............1..','Katchup; Molho de tomate; ','Batata palha; Mostarda Amarela; Salsicha(1X2,50);','Queijo; Molho de queijo; ','',0,0,21.50,17,1,1),(99,2,1,11,1,18.00,0,0.00,0,0.00,0,0.00,18.00,'........................','','','','',0,0,18.00,17,1,0),(99,3,1,5,1,17.00,0,0.00,0,0.00,0,0.00,17.00,'++00..0.................','Katchup; Molho de tomate; Ervilha; ','Batata palha; Mostarda Amarela; ','','',0,0,17.00,17,0,1),(99,4,3,4,1,10.00,0,0.00,0,0.00,0,0.00,10.00,'........................','','','','',0,0,10.00,17,0,0),(100,1,1,6,1,19.00,0,0.00,0,0.00,0,0.00,19.00,'++00---.................','Katchup; Molho de tomate; ','Batata palha; Mostarda Amarela; ','Queijo; Molho de queijo; Ervilha; ','',0,0,19.00,17,1,1),(101,1,1,1,1,25.00,0,0.00,0,0.00,0,0.00,25.00,'0-00+-+.................','Batata palha; Katchup; Molho de tomate; ','Queijo; Ervilha; ','Mostarda Amarela; Molho de queijo; ','Levar 2 kg de farinha, um saco de gelo e 3 xicaras do café',0,0,25.00,17,1,1),(101,2,1,11,1,18.00,23,2.50,0,0.00,0,0.00,20.50,'......................1.','','Linguiça calabresa(1X2,50);','','',0,0,20.50,17,0,1),(101,3,3,4,1,10.00,0,0.00,0,0.00,0,0.00,10.00,'........................','','','','',0,0,10.00,17,0,0),(102,1,1,6,1,19.00,0,0.00,0,0.00,0,0.00,19.00,'...0....................','Molho de tomate; ','','','',0,0,19.00,18,1,1),(103,1,1,5,1,17.00,21,1.50,22,2.50,0,0.00,21.00,'++-00-0.............11..','Molho de tomate; Queijo; Ervilha; ','Batata palha; Mostarda Amarela; Queijo Cheddar(1X1,50);Salsicha(1X2,50);','Katchup; Molho de queijo; ','Levar até o salao\r\n',0,0,21.00,18,1,1),(103,2,3,4,1,10.00,0,0.00,0,0.00,0,0.00,10.00,'........................','','','','',0,0,10.00,18,0,0),(104,1,1,11,1,18.00,21,1.50,22,5.00,23,2.50,27.00,'-+0..-0.............121.','Katchup\r\nErvilha\r\n','Mostarda Amarela\r\nQueijo Cheddar X 1,50\r\nSalsicha X 2,50\r\nLinguiça calabresa X 2,50\r\n','Batata palha\r\nMolho de queijo\r\n','',0,0,27.00,18,1,1),(104,2,3,4,1,10.00,0,0.00,0,0.00,0,0.00,10.00,'........................','','','','',0,0,10.00,18,0,0),(105,1,1,7,1,16.00,23,2.50,0,0.00,0,0.00,18.50,'--00..................1.','Katchup\r\nMolho de tomate\r\n','Linguiça calabresa 1 X 2,50\r\n','Batata palha\r\nMostarda Amarela\r\n','',0,0,18.50,18,1,1),(105,2,3,4,1,10.00,0,0.00,0,0.00,0,0.00,10.00,'........................','','','','',0,0,10.00,18,0,0),(106,1,1,1,1,25.00,0,0.00,0,0.00,0,0.00,25.00,'+-00+00.................','Katchup\r\nMolho de tomate\r\nMolho de queijo\r\nErvilha\r\n','Batata palha\r\nQueijo\r\n','Mostarda Amarela\r\n','Levar até a mesa 5',0,0,25.00,19,1,1),(106,2,1,3,1,21.00,0,0.00,0,0.00,0,0.00,21.00,'........................','','','','',0,0,21.00,19,1,1),(106,3,3,3,1,7.00,0,0.00,0,0.00,0,0.00,7.00,'........................','','','','',0,0,7.00,19,0,0),(107,1,1,1,1,25.00,21,1.50,22,2.50,23,2.50,31.50,'++--00-.............111.','Queijo\r\nMolho de queijo\r\n','Batata palha\r\nMostarda Amarela\r\nQueijo Cheddar 1 X 1,50\r\nSalsicha 1 X 2,50\r\nLinguiça calabresa 1 X 2,50\r\n','Katchup\r\nMolho de tomate\r\nErvilha\r\n','apenas algumas palavras para preencher este campo\r\n',0,0,31.50,19,1,1),(108,1,1,6,1,19.00,21,1.50,22,2.50,23,2.50,25.50,'+-00--0............+111.','Katchup\r\nMolho de tomate\r\nErvilha\r\n','Batata palha\r\nParmesão 30g\r\nCheddar 1 X 1,50\r\nSalsicha 1 X 2,50\r\nCalabresa 1 X 2,50\r\n','Mostarda Amarela\r\nQueijo\r\nMolho de queijo\r\n','',0,0,25.50,19,1,1),(109,1,1,1,1,25.00,0,0.00,0,0.00,0,0.00,25.00,'........................','','','','',0,0,25.00,19,0,0),(109,2,1,9,1,14.00,0,0.00,0,0.00,0,0.00,14.00,'........................','','','','',0,1,14.00,19,0,0),(109,3,1,13,1,5.00,0,0.00,0,0.00,0,0.00,5.00,'........................','','','','',0,1,5.00,19,0,0),(109,4,3,4,1,10.00,0,0.00,0,0.00,0,0.00,10.00,'........................','','','','',0,0,10.00,19,0,0),(109,5,3,6,1,5.00,0,0.00,0,0.00,0,0.00,5.00,'........................','','','','',0,0,5.00,19,0,0),(109,6,3,1,2,5.00,0,0.00,0,0.00,0,0.00,10.00,'........................','','','','',0,0,5.00,19,0,0),(110,1,1,1,1,25.00,22,2.50,0,0.00,0,0.00,27.50,'+++0--0..............1..','Molho de tomate\r\nErvilha\r\n','Batata palha\r\nMostarda Amarela\r\nKatchup\r\nSalsicha 1 X 2,50\r\n','Queijo\r\nMolho de queijo\r\n','',0,0,27.50,19,0,0),(110,2,1,5,1,17.00,0,0.00,0,0.00,0,0.00,17.00,'000.....................','Batata palha\r\nMostarda Amarela\r\nKatchup\r\n','','','',0,0,17.00,19,0,0),(110,3,3,2,2,6.00,0,0.00,0,0.00,0,0.00,12.00,'........................','','','','',0,0,6.00,19,0,0),(111,1,1,2,1,19.00,21,1.50,0,0.00,0,0.00,20.50,'--00+...............1...','Katchup\r\nMolho de tomate\r\n','Queijo\r\nCheddar 1 X 1,50\r\n','Batata palha\r\nMostarda Amarela\r\n','',0,0,20.50,19,1,1),(111,2,1,5,1,17.00,0,0.00,0,0.00,0,0.00,17.00,'..0.....................','Katchup\r\n','','','',1,0,17.00,19,1,1),(111,3,3,2,2,6.00,0,0.00,0,0.00,0,0.00,12.00,'........................','','','','',0,0,6.00,19,0,0),(112,1,1,5,1,17.00,0,0.00,0,0.00,0,0.00,17.00,'...00.0.................','Molho de tomate\r\nQueijo\r\nErvilha\r\n','','','',0,0,17.00,19,0,1),(112,2,1,9,1,14.00,0,0.00,0,0.00,0,0.00,14.00,'........................','','','','',0,1,14.00,19,0,0),(112,3,1,10,1,16.00,0,0.00,0,0.00,0,0.00,16.00,'--00+.0.................','Katchup\r\nMolho de tomate\r\nErvilha\r\n','Queijo\r\n','Batata palha\r\nMostarda Amarela\r\n','',0,0,16.00,19,1,1),(112,4,3,3,3,7.00,0,0.00,0,0.00,0,0.00,21.00,'........................','','','','',0,0,7.00,19,0,0),(113,1,1,1,1,25.00,0,0.00,0,0.00,0,0.00,25.00,'0--0+.0.................','Batata palha\r\nMolho de tomate\r\nErvilha\r\n','Queijo\r\n','Mostarda Amarela\r\nKatchup\r\n','',0,0,25.00,19,1,1),(113,2,1,9,1,14.00,0,0.00,0,0.00,0,0.00,14.00,'........................','','','','',0,1,14.00,19,0,0),(113,3,3,1,2,5.00,0,0.00,0,0.00,0,0.00,10.00,'........................','','','','',0,0,5.00,19,0,0),(114,1,1,1,1,25.00,0,0.00,0,0.00,0,0.00,25.00,'0-00-.0.................','Batata palha\r\nKatchup\r\nMolho de tomate\r\nErvilha\r\n','','Mostarda Amarela\r\nQueijo\r\n','Não colocar os temperos especiais que vão normalmente neste lanche, o cliente é alérgico à glúten',0,0,25.00,19,1,1),(114,2,1,2,1,19.00,0,0.00,0,0.00,0,0.00,19.00,'........................','','','','',0,0,19.00,19,0,0),(114,3,3,2,2,6.00,0,0.00,0,0.00,0,0.00,12.00,'........................','','','','',0,0,6.00,19,0,0),(115,1,1,5,1,17.00,22,2.50,0,0.00,0,0.00,19.50,'+-000-0..............1..','Katchup\r\nMolho de tomate\r\nQueijo\r\nErvilha\r\n','Batata palha\r\nSalsicha 1 X 2,50\r\n','Mostarda Amarela\r\nMolho de queijo\r\n','',1,0,19.50,20,1,1),(115,2,3,3,1,7.00,0,0.00,0,0.00,0,0.00,7.00,'........................','','','','',0,0,7.00,20,0,0),(116,1,1,6,1,19.00,0,0.00,0,0.00,0,0.00,19.00,'..00..0.................','Katchup\r\nMolho de tomate\r\nErvilha\r\n','','','',0,0,19.00,20,0,1),(116,2,3,3,1,7.00,0,0.00,0,0.00,0,0.00,7.00,'........................','','','','',0,0,7.00,20,0,0),(117,1,1,6,1,19.00,0,0.00,0,0.00,0,0.00,19.00,'........................','','','','',0,0,19.00,20,0,0),(117,2,3,6,1,5.00,0,0.00,0,0.00,0,0.00,5.00,'........................','','','','',0,0,5.00,20,0,0),(118,1,1,1,1,25.00,0,0.00,0,0.00,0,0.00,25.00,'........................','','','','',0,0,25.00,20,0,0),(118,2,3,6,1,5.00,0,0.00,0,0.00,0,0.00,5.00,'........................','','','','',0,0,5.00,20,0,0),(119,1,1,1,1,25.00,0,0.00,0,0.00,0,0.00,25.00,'....00..................','Queijo\r\nMolho de queijo\r\n','','','',0,0,25.00,20,1,1),(119,2,3,6,1,5.00,0,0.00,0,0.00,0,0.00,5.00,'........................','','','','',0,0,5.00,20,0,0),(120,1,1,1,1,25.00,23,2.50,0,0.00,0,0.00,27.50,'00...-................1.','Batata palha\r\nMostarda Amarela\r\n','Calabresa 1 X 2,50\r\n','Molho de queijo\r\n','',0,0,27.50,20,1,1),(120,2,1,7,1,16.00,0,0.00,0,0.00,0,0.00,16.00,'........................','','','','',0,0,16.00,20,0,1),(120,3,3,2,2,6.00,0,0.00,0,0.00,0,0.00,12.00,'........................','','','','',0,0,6.00,20,0,0),(121,1,1,1,1,25.00,0,0.00,0,0.00,0,0.00,25.00,'+.00.-0.................','Katchup\r\nMolho de tomate\r\nErvilha\r\n','Batata palha\r\n','Molho de queijo\r\n','',0,0,25.00,20,1,1),(121,2,1,10,1,16.00,0,0.00,0,0.00,0,0.00,16.00,'........................','','','','',0,0,16.00,20,1,1),(121,3,3,4,1,10.00,0,0.00,0,0.00,0,0.00,10.00,'........................','','','','',0,0,10.00,20,0,0),(122,1,1,1,1,25.00,22,2.50,0,0.00,0,0.00,27.50,'+-00+-0..............1..','Katchup\r\nMolho de tomate\r\nErvilha\r\n','Batata palha\r\nQueijo\r\nSalsicha 1 X 2,50\r\n','Mostarda Amarela\r\nMolho de queijo\r\n','',0,0,27.50,20,1,1),(122,2,1,7,1,16.00,0,0.00,0,0.00,0,0.00,16.00,'........................','','','','',0,0,16.00,20,1,1),(122,3,1,10,1,16.00,0,0.00,0,0.00,0,0.00,16.00,'........................','','','','',9,0,16.00,20,0,1),(122,4,3,4,1,10.00,0,0.00,0,0.00,0,0.00,10.00,'........................','','','','',0,0,10.00,20,0,0),(123,1,1,1,1,25.00,0,0.00,0,0.00,0,0.00,25.00,'........................','','','','',1,0,25.00,21,0,1),(123,2,1,2,1,19.00,0,0.00,0,0.00,0,0.00,19.00,'..00....................','Katchup\r\nMolho de tomate\r\n','','','',1,0,19.00,21,0,1),(123,3,1,6,1,19.00,0,0.00,0,0.00,0,0.00,19.00,'+-00....................','Katchup\r\nMolho de tomate\r\n','Batata palha\r\n','Mostarda Amarela\r\n','',1,0,19.00,21,0,0),(123,4,3,1,1,5.00,0,0.00,0,0.00,0,0.00,5.00,'........................','','','','',1,0,5.00,21,0,0),(123,5,3,2,1,6.00,0,0.00,0,0.00,0,0.00,6.00,'........................','','','','',1,0,6.00,21,0,0),(123,6,3,3,1,7.00,0,0.00,0,0.00,0,0.00,7.00,'........................','','','','',1,0,7.00,21,0,0),(123,7,3,4,1,10.00,0,0.00,0,0.00,0,0.00,10.00,'........................','','','','',1,0,10.00,21,0,0),(124,1,1,6,1,19.00,0,0.00,0,0.00,0,0.00,19.00,'........................','','','','',0,0,19.00,21,0,0),(124,2,1,9,1,14.00,0,0.00,0,0.00,0,0.00,14.00,'........................','','','','',0,1,14.00,21,1,1),(124,3,1,12,1,20.00,22,2.50,0,0.00,0,0.00,22.50,'00---++..............1..','Batata palha\r\nMostarda Amarela\r\n','Molho de queijo\r\nErvilha\r\nSalsicha 1 X 2,50\r\n','Katchup\r\nMolho de tomate\r\nQueijo\r\n','',0,0,22.50,21,1,1),(124,4,3,4,1,10.00,0,0.00,0,0.00,0,0.00,10.00,'........................','','','','',0,0,10.00,21,0,0),(125,1,1,1,1,25.00,0,0.00,0,0.00,0,0.00,25.00,'++00.-0.................','Katchup\r\nMolho de tomate\r\nErvilha\r\n','Batata palha\r\nMostarda Amarela\r\n','Molho de queijo\r\n','',1,0,25.00,22,1,1),(125,2,1,6,1,19.00,0,0.00,0,0.00,0,0.00,19.00,'........................','','','','',1,0,19.00,22,1,1),(125,3,1,9,1,14.00,0,0.00,0,0.00,0,0.00,14.00,'........................','','','','',1,1,14.00,22,0,1),(125,4,3,2,3,6.00,0,0.00,0,0.00,0,0.00,18.00,'........................','','','','',1,0,6.00,22,0,0),(126,1,1,1,1,25.00,0,0.00,0,0.00,0,0.00,25.00,'++00.-0.................','Katchup\r\nMolho de tomate\r\nErvilha\r\n','Batata palha\r\nMostarda Amarela\r\n','Molho de queijo\r\n','',0,0,25.00,22,0,1),(126,2,1,5,1,17.00,22,2.50,0,0.00,0,0.00,19.50,'+-00++0............-.1..','Katchup\r\nMolho de tomate\r\nErvilha\r\n','Batata palha\r\nQueijo\r\nMolho de queijo\r\nSalsicha 1 X 2,50\r\n','Mostarda Amarela\r\nParmesão 30g\r\n','',0,0,19.50,22,1,1),(126,3,1,10,1,16.00,0,0.00,0,0.00,0,0.00,16.00,'........................','','','','',0,0,16.00,22,1,0),(126,4,1,13,1,6.00,0,0.00,0,0.00,0,0.00,6.00,'........................','','','','',0,1,6.00,22,1,0),(126,5,3,1,1,5.00,0,0.00,0,0.00,0,0.00,5.00,'........................','','','','',0,0,5.00,22,0,0),(126,6,3,3,2,7.00,0,0.00,0,0.00,0,0.00,14.00,'........................','','','','',0,0,7.00,22,0,0),(126,7,3,6,1,5.00,0,0.00,0,0.00,0,0.00,5.00,'........................','','','','',0,0,5.00,22,0,0),(127,1,1,3,1,21.00,0,0.00,0,0.00,0,0.00,21.00,'........................','','','','',0,0,21.00,22,1,0),(127,2,1,7,1,16.00,0,0.00,0,0.00,0,0.00,16.00,'++00....................','Katchup\r\nMolho de tomate\r\n','Batata palha\r\nMostarda Amarela\r\n','','',0,0,16.00,22,1,1),(127,3,3,4,1,10.00,0,0.00,0,0.00,0,0.00,10.00,'........................','','','','',0,0,10.00,22,0,0),(128,1,1,6,1,19.00,0,0.00,0,0.00,0,0.00,19.00,'........................','','','','',0,0,19.00,22,0,1),(128,2,1,8,1,20.00,0,0.00,0,0.00,0,0.00,20.00,'++00+-0.................','Katchup\r\nMolho de tomate\r\nErvilha\r\n','Batata palha\r\nMostarda Amarela\r\nQueijo\r\n','Molho de queijo\r\n','',0,0,20.00,22,1,1),(128,3,3,2,2,6.00,0,0.00,0,0.00,0,0.00,12.00,'........................','','','','',0,0,6.00,22,0,0),(129,1,1,6,1,19.00,0,0.00,0,0.00,0,0.00,19.00,'........................','','','','',0,0,19.00,22,1,0),(129,2,1,7,1,16.00,0,0.00,0,0.00,0,0.00,16.00,'+.00--0.................','Katchup\r\nMolho de tomate\r\nErvilha\r\n','Batata palha\r\n','Queijo\r\nMolho de queijo\r\n','',0,0,16.00,22,1,1),(129,3,3,4,1,10.00,0,0.00,0,0.00,0,0.00,10.00,'........................','','','','',0,0,10.00,22,0,0),(130,1,1,9,1,14.00,0,0.00,0,0.00,0,0.00,14.00,'..00....................','Katchup\r\nMolho de tomate\r\n','','','',0,1,14.00,22,1,1),(130,2,3,3,1,7.00,0,0.00,0,0.00,0,0.00,7.00,'........................','','','','',0,0,7.00,22,0,0),(131,1,1,11,1,18.00,0,0.00,0,0.00,0,0.00,18.00,'........................','','','','',0,0,18.00,22,1,1),(131,2,3,1,1,5.00,0,0.00,0,0.00,0,0.00,5.00,'........................','','','','',0,0,5.00,22,0,0),(132,1,1,6,1,19.00,0,0.00,0,0.00,0,0.00,19.00,'........................','','','','',0,0,19.00,22,0,1),(132,2,1,9,1,14.00,0,0.00,0,0.00,0,0.00,14.00,'..00....................','Katchup\r\nMolho de tomate\r\n','','','',0,1,14.00,22,1,0),(132,3,3,6,1,5.00,0,0.00,0,0.00,0,0.00,5.00,'........................','','','','',0,0,5.00,22,0,0),(133,1,1,10,1,16.00,0,0.00,0,0.00,0,0.00,16.00,'........................','','','','',0,0,16.00,22,0,1),(133,2,1,1,1,25.00,0,0.00,0,0.00,0,0.00,25.00,'..00..0.................','Katchup\r\nMolho de tomate\r\nErvilha\r\n','','','',0,0,25.00,22,1,0),(133,3,1,11,1,18.00,0,0.00,0,0.00,0,0.00,18.00,'+.......................','','Batata palha\r\n','','',0,0,18.00,22,1,1),(133,4,3,4,1,10.00,0,0.00,0,0.00,0,0.00,10.00,'........................','','','','',0,0,10.00,22,0,0);
/*!40000 ALTER TABLE `com_pedidoitem` ENABLE KEYS */;
UNLOCK TABLES;

--
-- Table structure for table `com_regcaixa`
--

DROP TABLE IF EXISTS `com_regcaixa`;
/*!40101 SET @saved_cs_client     = @@character_set_client */;
/*!50503 SET character_set_client = utf8mb4 */;
CREATE TABLE `com_regcaixa` (
  `Turno` int(11) NOT NULL,
  `DtHrInicio` datetime DEFAULT NULL,
  `DtHrFim` datetime DEFAULT NULL,
  `SaldoInicial` decimal(15,2) DEFAULT NULL,
  `E_Dinheiro` decimal(15,2) DEFAULT NULL,
  `E_CartaoDebito` decimal(15,2) DEFAULT NULL,
  `E_CartaoCredito` decimal(15,2) DEFAULT NULL,
  `E_PIX` decimal(15,2) DEFAULT NULL,
  `E_Outros` decimal(15,2) DEFAULT NULL,
  `E_Suprimento` decimal(15,2) DEFAULT NULL,
  `S_Saidas` decimal(15,2) DEFAULT NULL,
  `S_Sangria` decimal(15,2) DEFAULT NULL,
  `SaldoFinal` decimal(15,2) DEFAULT NULL,
  `Qtd_Dinheiro` int(11) DEFAULT NULL,
  `Qtd_CartaoDebito` int(11) DEFAULT NULL,
  `Qtd_CartaoCredito` int(11) DEFAULT NULL,
  `Qtd_PIX` int(11) DEFAULT NULL,
  `Qtd_Outros` int(11) DEFAULT NULL,
  `Qtd_Suprimento` int(11) DEFAULT NULL,
  `Qtd_Saidas` int(11) DEFAULT NULL,
  `Qtd_Sangria` int(11) DEFAULT NULL,
  `Qtd_Misto` int(11) DEFAULT NULL,
  PRIMARY KEY (`Turno`)
) ENGINE=InnoDB DEFAULT CHARSET=latin1 COMMENT='Registro de totalização do caixa';
/*!40101 SET character_set_client = @saved_cs_client */;

--
-- Dumping data for table `com_regcaixa`
--

LOCK TABLES `com_regcaixa` WRITE;
/*!40000 ALTER TABLE `com_regcaixa` DISABLE KEYS */;
INSERT INTO `com_regcaixa` VALUES (1,'2022-11-23 12:00:00','2022-11-23 14:00:00',0.00,0.00,0.00,0.00,0.00,0.00,0.00,0.00,0.00,0.00,0,0,0,0,0,0,0,0,0),(2,'2022-11-23 20:31:33','2022-11-23 20:40:00',0.00,0.00,0.00,0.00,0.00,0.00,0.00,0.00,0.00,0.00,0,0,0,0,0,0,0,0,0),(3,'2022-11-23 20:41:07','2022-11-23 20:45:06',0.00,NULL,NULL,NULL,NULL,NULL,NULL,NULL,NULL,NULL,NULL,NULL,NULL,NULL,NULL,NULL,NULL,NULL,NULL),(4,'2022-11-24 08:22:41','2022-11-25 08:22:40',123.45,94.50,0.00,0.00,55.00,0.00,0.00,0.00,0.00,272.95,3,0,0,1,0,0,0,0,0),(5,'2022-11-25 09:03:49','2022-11-26 09:03:48',0.00,19.00,0.00,0.00,0.00,0.00,0.00,0.00,0.00,19.00,1,0,0,0,0,0,0,0,0),(6,'2022-11-28 17:15:55','2022-11-29 17:15:54',0.00,24.00,0.00,0.00,0.00,0.00,0.00,0.00,0.00,24.00,1,0,0,0,0,0,0,0,0),(7,'2022-11-30 08:25:34','2022-12-01 08:25:33',0.00,579.50,37.00,57.00,52.00,17.50,0.00,0.00,0.00,743.00,10,1,2,1,1,0,0,0,1),(8,'2022-12-01 09:08:11','2022-12-02 09:08:10',0.00,210.50,34.00,3.00,4.00,6.00,0.00,0.00,0.00,257.50,8,1,0,0,0,0,0,0,1),(9,'2022-12-02 14:48:37','2022-12-03 14:48:36',0.00,19.00,0.00,0.00,52.00,0.00,0.00,0.00,0.00,71.00,1,0,0,1,0,0,0,0,0),(10,'2022-12-03 14:52:57','2022-12-04 14:52:56',23.45,19.00,0.00,0.00,0.00,0.00,0.00,0.00,0.00,42.45,1,0,0,0,0,0,0,0,0),(11,'2022-12-05 10:24:36','2022-12-06 10:24:35',0.00,0.00,0.00,0.00,0.00,0.00,0.00,0.00,0.00,0.00,0,0,0,0,0,0,0,0,0),(12,'2022-12-06 16:10:19','2022-12-07 16:10:18',0.00,227.00,0.00,0.00,0.00,0.00,0.00,0.00,0.00,227.00,6,0,0,0,0,0,0,0,0),(13,'2022-12-07 21:24:51','2022-12-08 21:24:50',0.00,838.71,30.00,5.00,35.00,58.22,32.66,25.00,660.00,314.59,31,1,0,1,1,1,1,1,1),(14,'2022-12-08 21:25:37','2022-12-09 23:00:00',0.00,569.00,90.00,128.00,70.00,14.00,3.22,0.00,0.00,874.22,9,0,2,1,0,1,0,0,4),(15,'2022-12-12 10:12:02','2022-12-13 10:12:01',0.00,19.00,0.00,17.00,0.00,0.00,0.00,0.00,0.00,36.00,1,0,1,0,0,0,0,0,0),(16,'2022-12-13 19:26:07','2022-12-14 19:26:06',0.00,340.00,0.00,0.00,0.00,0.00,0.00,80.00,0.00,260.00,6,0,0,0,0,0,1,0,0),(17,'2022-12-15 08:23:58','2022-12-16 08:23:57',0.00,192.00,0.00,0.00,0.00,0.00,0.00,0.00,0.00,192.00,6,0,0,0,0,0,0,0,0),(18,'2022-12-18 09:41:27','2022-12-19 09:41:26',0.00,115.50,0.00,0.00,0.00,0.00,0.00,0.00,0.00,115.50,4,0,0,0,0,0,0,0,0),(19,'2022-12-19 09:45:02','2022-12-20 09:45:01',0.00,458.00,0.00,0.00,0.00,0.00,0.00,0.00,0.00,458.00,9,0,0,0,0,0,0,0,0),(20,'2022-12-20 10:08:08','2022-12-21 10:08:07',0.00,312.50,0.00,0.00,0.00,0.00,0.00,0.00,0.00,312.50,8,0,0,0,0,0,0,0,0),(21,'2022-12-21 10:11:17','2022-12-22 10:11:16',0.00,156.50,0.00,0.00,0.00,0.00,0.00,0.00,0.00,156.50,2,0,0,0,0,0,0,0,0),(22,'2022-12-22 10:22:48','2022-12-23 10:22:47',0.00,305.50,38.00,117.00,0.00,0.00,NULL,NULL,NULL,460.50,5,1,3,NULL,NULL,NULL,NULL,NULL,NULL);
/*!40000 ALTER TABLE `com_regcaixa` ENABLE KEYS */;
UNLOCK TABLES;

--
-- Table structure for table `sis_parametros`
--

DROP TABLE IF EXISTS `sis_parametros`;
/*!40101 SET @saved_cs_client     = @@character_set_client */;
/*!50503 SET character_set_client = utf8mb4 */;
CREATE TABLE `sis_parametros` (
  `Nome` varchar(32) NOT NULL,
  `Descricao` varchar(120) DEFAULT NULL,
  `Valor` varchar(999) DEFAULT NULL,
  `sis_parametroscol` varchar(45) DEFAULT NULL,
  PRIMARY KEY (`Nome`)
) ENGINE=InnoDB DEFAULT CHARSET=latin1;
/*!40101 SET character_set_client = @saved_cs_client */;

--
-- Dumping data for table `sis_parametros`
--

LOCK TABLES `sis_parametros` WRITE;
/*!40000 ALTER TABLE `sis_parametros` DISABLE KEYS */;
INSERT INTO `sis_parametros` VALUES ('ACNFE_EXE',NULL,'C:\\Projetos\\speedfood\\ACNFe\\ACNFe6.exe',NULL),('ACNFE_HOME',NULL,'C:\\Projetos\\speedfood\\ACNFe',NULL),('ACNFE_PDF',NULL,'C:\\Projetos\\speedfood\\ACNFe\\pdf',NULL),('ACNFE_TMP',NULL,'C:\\Projetos\\speedfood\\ACNFe\\trans',NULL),('ACNFE_XML',NULL,'C:\\Projetos\\speedfood\\ACNFe\\xml',NULL),('CaixaCopias',NULL,'1',NULL),('CaixaDialogo',NULL,'S',NULL),('CaixaMargDireita',NULL,'8',NULL),('CaixaMargEsquerda',NULL,'2',NULL),('CaixaMargRodape',NULL,'5',NULL),('CaixaMargTopo',NULL,'5',NULL),('CaixaPreview',NULL,'N',NULL),('CaixaPrinter','Impressora do caixa','MP-4200',NULL),('CaixaTamMax','Tam.maximo da pagina (mm)','400',NULL),('emissor_sis_pessoa_id',NULL,'1',NULL),('EtiquetaPrinter','Impressora etiquetas','MP-4200',NULL),('finNFe',NULL,'1',NULL),('idDest',NULL,'1',NULL),('imgVazio','Imagem \'vazio\' no pedido (100x50)','C:\\Projetos\\Imagens\\Vazio1.bmp',NULL),('indFinal',NULL,'1',NULL),('indIntermed',NULL,'0',NULL),('indPres',NULL,'1',NULL),('natOp',NULL,'VENDA',NULL),('nNF',NULL,'45',NULL),('PedidoCopias',NULL,'1',NULL),('PedidoDialogo',NULL,'N',NULL),('PedidoImprimir','Imprime no fim da venda \'S\'im  \'N\'ao \'P\'ergunta','S',NULL),('PedidoLinhaSep','Linha separadora entre itens (S/N)','S',NULL),('PedidoMargDireita',NULL,'8',NULL),('PedidoMargEsquerda',NULL,'2',NULL),('PedidoMargRodape',NULL,'5',NULL),('PedidoMargTopo',NULL,'5',NULL),('PedidoPreview',NULL,'N',NULL),('PedidoPrinter','Impressora pedidos','MP-4200',NULL),('PedidoTamMax','Tamanho máximo em mm','300',NULL),('procEmi',NULL,'1',NULL),('serie',NULL,'1',NULL),('tpAmb',NULL,'1',NULL),('tpEmis',NULL,'1',NULL),('tpImp',NULL,'1',NULL),('tpNF',NULL,'1',NULL);
/*!40000 ALTER TABLE `sis_parametros` ENABLE KEYS */;
UNLOCK TABLES;

--
-- Table structure for table `sis_pessoa`
--

DROP TABLE IF EXISTS `sis_pessoa`;
/*!40101 SET @saved_cs_client     = @@character_set_client */;
/*!50503 SET character_set_client = utf8mb4 */;
CREATE TABLE `sis_pessoa` (
  `id` int(10) unsigned NOT NULL,
  `nome` varchar(120) DEFAULT NULL,
  `fantasia` varchar(120) DEFAULT NULL,
  `cnpj` varchar(14) DEFAULT NULL,
  `IE` varchar(20) DEFAULT NULL,
  `logradouro` varchar(120) DEFAULT NULL,
  `nro` varchar(45) DEFAULT NULL,
  `complemento` varchar(45) DEFAULT NULL,
  `bairro` varchar(45) DEFAULT NULL,
  `cidade` varchar(45) DEFAULT NULL,
  `uf` varchar(2) DEFAULT NULL,
  `ibgecidade` varchar(8) DEFAULT NULL COMMENT 'UFNNNNNN',
  `cep` varchar(8) DEFAULT NULL,
  `telefone` varchar(14) DEFAULT NULL,
  `whatsapp` varchar(14) DEFAULT NULL,
  `CSC_Homolog` varchar(45) DEFAULT NULL,
  `CSC_Producao` varchar(45) DEFAULT NULL,
  `NSCertificado` varchar(45) DEFAULT NULL,
  `NrNFCe` int(11) DEFAULT NULL,
  `SerieNFCe` varchar(3) DEFAULT NULL,
  `ValCertificado` datetime DEFAULT NULL,
  `TecladoVirtual` tinyint(1) DEFAULT NULL,
  `PathImagens` varchar(200) DEFAULT NULL,
  PRIMARY KEY (`id`),
  UNIQUE KEY `sis_pessoa_id_UNIQUE` (`id`)
) ENGINE=InnoDB DEFAULT CHARSET=latin1;
/*!40101 SET character_set_client = @saved_cs_client */;

--
-- Dumping data for table `sis_pessoa`
--

LOCK TABLES `sis_pessoa` WRITE;
/*!40000 ALTER TABLE `sis_pessoa` DISABLE KEYS */;
INSERT INTO `sis_pessoa` VALUES (1,'Cachorro Quente do Carlão Sobre Rodas','Cachorro Quente do Carlão','19218236000127','029/0679087','Perimetral Bruno Segalla','11324','','São Leopoldo','Caxias do Sul','RS','4305108','95097272','(54)98110-3412','(54)9811-0341','B54958E0-E00A-4067-B111-5C627141E70C','485F7BC0-0A20-4CF3-90B3-11CFCBEC0A1C','7009d0b98b0aee75',NULL,NULL,'2023-05-17 09:00:00',1,'C:\\Projetos\\Imagens\\');
/*!40000 ALTER TABLE `sis_pessoa` ENABLE KEYS */;
UNLOCK TABLES;

--
-- Dumping events for database 'speedfood'
--

--
-- Dumping routines for database 'speedfood'
--
/*!40103 SET TIME_ZONE=@OLD_TIME_ZONE */;

/*!40101 SET SQL_MODE=@OLD_SQL_MODE */;
/*!40014 SET FOREIGN_KEY_CHECKS=@OLD_FOREIGN_KEY_CHECKS */;
/*!40014 SET UNIQUE_CHECKS=@OLD_UNIQUE_CHECKS */;
/*!40101 SET CHARACTER_SET_CLIENT=@OLD_CHARACTER_SET_CLIENT */;
/*!40101 SET CHARACTER_SET_RESULTS=@OLD_CHARACTER_SET_RESULTS */;
/*!40101 SET COLLATION_CONNECTION=@OLD_COLLATION_CONNECTION */;
/*!40111 SET SQL_NOTES=@OLD_SQL_NOTES */;

-- Dump completed on 2022-12-22 16:48:13
